ShortName,76,95,157,219,225,226,230,249,251,255,262,279,309,317,328,340,429,449,461,472,475
luzonicum,S,T,S,L,L,F,A,E,M,V,A,T,M,G,A,D,Q,S,V,V,I
lautum,N,S,V,C,L,Y,A,D,M,V,V,T,M,A,A,E,Q,S,V,M,L
plicatum,S,T,V,L,L,Y,T,E,M,V,V,T,M,A,S,D,Q,S,V,M,L
tinoides,N,S,V,C,L,Y,A,D,M,V,V,T,M,A,A,E,-,-,-,-,-
cassinoide,S,S,V,L,L,Y,A,D,M,V,V,T,M,A,A,E,Q,S,V,M,L
clemensiae,N,S,V,V,L,Y,A,E,M,V,V,S,M,A,A,E,Q,C,V,M,L
brachybotr,S,S,V,L,L,Y,A,E,M,I,V,S,M,A,A,E,K,C,V,-,-
atrocyaneu,S,S,V,L,I,Y,A,D,M,V,V,T,M,A,A,E,Q,C,V,M,I
colebrooke,S,S,V,L,L,Y,T,E,I,V,V,S,M,A,A,E,Q,S,V,M,L
ichangense,S,T,V,L,I,Y,A,D,M,V,V,T,M,A,A,D,Q,C,V,M,I
hispidulum,S,S,V,V,I,Y,A,E,M,V,V,T,M,A,G,E,Q,S,V,M,I
ayavacense,S,S,V,-,-,-,-,-,-,-,-,-,-,-,-,-,-,-,-,-,-
obtusatum,S,S,V,C,L,Y,A,D,M,V,T,T,-,-,-,-,-,-,-,-,-
punctatum,S,S,V,V,I,Y,A,E,M,I,V,T,M,G,A,E,Q,C,V,M,L
dilatatum,S,T,S,L,L,F,A,E,M,I,A,T,M,G,A,D,Q,S,V,V,I
betulifoli,S,T,V,L,I,Y,A,D,M,V,V,T,M,A,A,D,Q,A,V,M,I
phlebotric,S,T,V,L,L,F,A,E,M,I,A,T,M,G,A,D,Q,S,V,V,I
ellipticum,S,S,V,L,I,Y,A,D,M,V,V,T,M,A,A,D,Q,C,V,M,I
brachyandr,S,T,S,L,L,F,A,E,M,I,A,T,M,G,A,D,Q,S,V,V,I
toronis,S,S,V,C,L,Y,A,D,M,V,V,T,M,A,A,E,Q,S,V,M,L
mongolicum,S,S,V,L,I,Y,A,D,M,V,V,T,M,A,A,E,Q,C,V,M,L
cylindricu,S,T,V,L,I,Y,A,D,M,V,V,T,M,A,A,D,Q,C,V,-,-
urceolatum,S,S,V,L,L,Y,T,D,M,I,V,T,M,A,A,E,Q,S,V,M,L
obtectum,N,S,V,-,-,-,-,-,-,-,-,-,-,-,-,-,-,-,-,-,-
setigerum,S,T,S,L,L,F,A,E,M,V,A,T,M,G,A,D,Q,S,V,V,I
foetidum,S,T,V,L,L,Y,A,D,M,V,V,T,M,A,A,D,Q,A,V,M,I
erubescens,S,S,V,L,L,Y,A,E,M,V,V,T,M,A,A,E,K,C,V,M,L
mullaha,S,T,V,L,L,Y,A,D,M,V,V,T,M,A,A,D,Q,A,V,M,I
chinshanen,S,S,V,L,L,Y,A,D,M,V,V,T,M,A,A,E,Q,C,V,M,L
stenocalyx,N,S,V,C,I,Y,A,D,M,V,V,T,M,A,A,E,Q,S,V,M,L
lantana,S,T,V,L,I,Y,A,D,M,V,V,T,M,A,A,E,Q,C,V,M,L
prunifoliu,S,S,V,L,I,Y,A,D,M,V,V,T,M,A,A,E,Q,S,V,M,L
divaricatu,N,S,V,-,-,-,-,-,-,-,-,-,-,-,-,-,-,-,-,-,-
henryi,S,S,V,L,L,Y,A,D,M,V,V,S,M,A,A,E,K,C,V,M,-
dentatum,S,S,V,V,I,Y,A,D,M,V,V,T,M,A,A,E,Q,A,V,M,I
glomeratum,S,S,V,L,L,Y,A,D,M,V,V,T,M,A,A,E,Q,C,V,M,L
microphyll,N,S,V,C,I,Y,A,D,M,V,V,T,M,A,A,E,Q,S,V,M,L
flavescens,S,T,V,L,I,Y,A,D,M,V,V,T,M,A,A,D,Q,C,V,M,I
calvum,S,S,V,L,I,Y,A,D,M,V,V,T,M,A,A,E,Q,C,V,M,I
scabrellum,S,S,V,V,I,Y,A,D,M,V,V,T,-,-,-,-,-,-,-,-,-
lutescens,S,S,V,L,L,Y,T,E,I,V,V,S,M,A,A,E,K,S,V,M,L
loeseneri,N,S,V,C,I,Y,A,D,M,V,V,T,M,A,A,E,Q,S,V,M,L
brevipes,S,T,S,-,-,-,-,-,-,-,-,-,-,-,-,-,-,-,-,-,-
rafinesqui,S,S,V,L,I,Y,A,D,M,V,V,T,M,A,A,D,Q,C,V,M,I
integrifol,S,T,S,L,L,F,A,E,M,V,A,T,M,G,A,D,Q,S,V,V,I
glaberrimu,S,S,V,V,I,Y,A,E,M,V,V,T,M,A,G,E,Q,S,V,-,-
pyramidatu,S,S,V,L,L,Y,T,E,I,V,V,S,M,A,A,E,K,S,V,M,L
sieboldii,S,S,V,L,L,Y,T,E,I,V,V,S,M,A,S,E,Q,S,V,M,L
sulcatum,N,S,V,C,L,Y,A,D,M,V,V,T,-,-,-,-,-,-,-,-,-
ternatum,S,S,V,V,I,Y,A,E,M,V,V,T,M,A,A,E,Q,C,V,M,I
subalpinum,S,S,V,L,L,Y,A,E,I,V,V,T,M,A,S,E,Q,C,V,M,L
hebanthum,S,T,V,L,I,Y,A,D,M,V,V,T,M,A,A,D,Q,C,V,M,I
utile,S,S,V,L,I,Y,A,D,M,V,V,T,M,A,A,E,Q,C,V,M,L
taiwanianu,S,S,V,L,L,Y,T,D,M,I,V,T,M,A,A,E,Q,S,V,M,L
rufidulum,S,S,V,L,I,Y,A,D,M,V,V,T,M,A,A,E,Q,S,V,M,L
lepidotulu,S,S,V,V,I,Y,A,E,M,I,V,T,M,G,A,E,Q,C,V,V,-
disjunctum,S,S,V,C,L,Y,A,D,M,V,T,T,M,A,A,E,Q,S,V,M,-
hallii,N,S,V,-,-,-,-,-,-,-,-,-,-,-,-,-,-,-,-,-,-
triphyllum,N,S,V,C,L,Y,A,D,M,V,V,T,M,A,A,E,Q,S,V,M,L
grandiflor,S,S,V,L,I,Y,A,E,I,V,V,S,I,A,S,E,Q,C,V,M,-
buddleifol,S,S,V,L,L,Y,A,D,M,V,V,T,M,A,A,E,Q,C,V,M,L
awabuki,S,S,V,L,L,Y,T,E,I,V,V,S,M,A,A,E,K,S,V,M,-
edule,S,S,V,L,I,Y,A,E,M,V,V,T,I,A,A,E,Q,C,V,M,I
erosum,S,T,S,L,L,F,A,E,M,I,A,T,M,G,A,D,Q,S,V,V,I
venustum,S,S,V,-,-,-,-,-,-,-,-,-,-,-,-,-,-,-,-,-,-
microcarpu,N,S,V,-,-,-,-,-,-,-,-,-,-,-,-,-,-,-,-,-,-
taitoense,S,S,V,L,L,Y,A,E,M,V,V,T,M,A,A,E,Q,C,V,M,-
sambucinum,S,S,V,V,I,Y,A,D,M,V,V,T,M,A,A,D,Q,C,V,M,I
davidii,S,S,V,L,I,Y,A,D,M,V,V,T,M,A,A,E,Q,C,V,M,-
acutifoliu,N,S,V,C,L,Y,A,D,M,V,V,T,-,-,-,-,-,-,-,-,-
leiocarpum,S,S,V,V,I,Y,A,D,M,V,V,T,M,A,A,D,Q,C,V,M,I
furcatum,N,S,V,L,L,Y,A,D,M,V,V,T,M,A,A,E,Q,C,V,-,-
schensianu,S,S,V,L,I,Y,A,D,M,V,V,T,M,A,A,E,Q,C,V,M,L
tinus,S,S,V,L,I,Y,A,E,M,V,A,S,M,G,A,E,Q,C,I,M,L
wrightii,S,T,V,L,L,F,A,E,M,I,A,T,M,G,A,D,Q,S,V,V,I
trilobum,S,S,V,L,I,F,A,E,I,V,V,S,I,A,A,D,Q,S,V,M,I
treleasei,S,S,V,L,I,F,A,-,-,-,-,-,-,-,-,-,-,-,-,-,-
sympodiale,N,S,V,L,L,Y,A,D,M,V,V,T,-,-,-,-,-,-,-,-,-
anamensis,S,T,S,L,L,F,A,E,M,V,A,T,M,G,A,D,Q,S,V,V,I
odoratissi,S,S,V,L,L,Y,T,E,I,V,V,S,M,A,A,E,K,S,V,M,I
coriaceum,S,T,V,L,I,Y,A,D,M,V,V,T,M,A,A,D,Q,C,V,M,I
bitchiuens,S,T,V,L,I,Y,A,D,M,V,V,T,M,A,A,E,Q,C,V,M,L
propinquum,S,S,V,L,L,Y,A,D,M,V,V,T,M,A,A,E,Q,C,V,M,L
adenophoru,S,T,S,L,L,F,A,E,M,I,A,T,M,G,A,D,Q,S,V,V,I
seemenii,S,S,V,-,-,-,-,-,-,-,-,-,-,-,-,-,-,-,-,-,-
discolor,N,S,V,-,-,-,-,-,-,-,-,-,-,-,-,-,-,-,-,-,-
macrocepha,S,S,V,L,I,Y,A,D,M,V,V,T,M,A,A,E,Q,C,V,M,L
formosanum,S,T,S,L,L,F,A,E,M,I,A,T,M,G,A,D,Q,S,V,V,-
lobophyllu,S,T,V,L,I,Y,A,D,M,V,V,T,M,A,A,D,Q,C,V,M,I
yunnanense,S,S,V,L,L,Y,A,E,M,V,V,T,M,A,A,E,K,C,V,M,L
veitchii,S,S,V,L,L,Y,A,D,M,V,V,T,-,-,-,-,-,-,-,-,-
villosum,S,S,V,-,-,-,-,-,-,-,-,-,-,-,-,-,-,-,-,-,-
bracteatum,S,S,V,L,I,Y,A,D,M,V,V,T,M,A,A,D,Q,C,V,M,I
stipitatum,N,S,V,-,-,-,-,-,-,-,-,-,-,-,-,-,-,-,-,-,-
cotinifoli,S,S,V,L,I,Y,A,D,M,V,V,T,M,A,A,E,Q,C,V,M,-
oliganthum,S,S,V,L,L,Y,A,E,M,V,V,T,M,A,A,E,K,C,V,M,L
recognitum,S,S,V,-,-,-,-,-,-,-,-,-,-,-,-,-,-,-,-,-,-
suspensum,S,S,V,L,L,Y,A,E,M,V,V,T,M,A,A,E,Q,C,V,M,L
beccarii,S,S,V,V,I,Y,A,E,M,V,V,T,M,A,G,E,Q,S,V,V,I
australe,S,S,V,-,-,-,-,-,-,-,-,-,-,-,-,-,-,-,-,-,-
blandum,N,S,V,C,I,Y,A,D,M,V,V,T,M,G,A,E,Q,S,I,M,L
jucundum,N,S,V,C,L,Y,A,D,M,V,V,T,M,A,A,E,Q,S,V,M,L
jamesonii,N,S,V,C,L,Y,A,D,M,V,V,T,M,A,A,E,Q,S,V,M,L
rugosum,S,S,V,L,I,Y,A,E,M,V,A,S,M,G,A,E,Q,C,I,M,L
lasiophyll,-,-,-,-,-,-,-,D,M,V,V,T,M,A,A,E,Q,S,V,M,L
carlesii,S,T,V,L,I,Y,A,D,M,V,V,T,M,A,A,E,Q,C,V,M,L
stellato-t,S,S,V,C,L,Y,A,D,M,V,T,T,M,A,A,E,Q,S,V,M,L
nudum,S,S,V,L,L,Y,A,D,M,V,V,T,M,A,A,E,Q,S,V,M,L
lantanoide,S,S,V,L,I,Y,A,E,M,I,A,S,M,A,A,E,Q,C,I,M,I
orientale,S,T,V,L,L,F,A,E,M,I,A,T,M,G,A,D,Q,A,V,M,I
hanceanum,S,S,V,L,L,Y,T,E,M,V,V,T,M,A,S,D,Q,S,V,-,-
undulatum,N,S,V,C,L,Y,A,D,M,V,V,T,M,A,A,E,Q,S,V,M,L
burejaetic,S,T,V,L,I,Y,A,D,M,V,V,T,M,A,A,E,Q,C,V,M,L
sempervire,S,T,S,L,L,F,A,E,M,V,A,T,M,G,A,D,Q,S,V,V,I
farreri,S,S,V,L,L,Y,A,E,M,V,V,T,M,A,A,E,Q,C,V,M,L
japonicum,S,T,S,L,L,F,A,E,M,V,A,T,M,G,A,D,Q,S,V,V,I
inopinatum,S,S,V,V,I,Y,A,D,M,V,V,T,M,A,A,D,Q,C,V,M,I
foetens,S,S,V,L,L,Y,A,E,I,V,V,S,I,A,S,E,Q,C,V,M,-
anabaptist,N,S,V,C,L,Y,A,D,M,V,V,T,M,A,A,E,Q,S,V,M,-
opulus,S,S,V,L,I,F,A,D,M,V,V,T,-,-,-,-,-,-,-,-,-
elatum,S,S,V,L,I,Y,A,D,M,V,V,T,-,-,-,-,-,-,-,-,-
parvifoliu,S,T,S,L,L,F,A,E,M,V,A,T,M,G,A,D,Q,S,V,V,I
amplificat,S,S,V,L,L,Y,T,E,I,V,V,T,M,A,A,E,Q,C,V,V,-
lentago,S,S,V,L,I,Y,A,D,M,V,V,T,M,A,A,E,Q,S,V,M,L
obovatum,S,S,V,L,I,Y,A,D,M,V,V,T,M,A,A,E,Q,S,V,M,L
subsessile,N,S,V,C,L,Y,A,D,M,V,V,T,M,A,A,E,-,-,-,-,-
cinnamomif,S,S,V,V,I,Y,A,D,M,V,V,T,M,A,A,E,Q,C,V,M,I
fordiae,S,T,S,L,L,F,A,E,M,I,A,T,M,G,A,D,Q,S,V,V,I
vernicosum,S,S,V,V,I,Y,A,E,M,V,V,T,M,A,G,E,Q,S,V,M,I
chingii,S,S,V,L,L,Y,A,E,M,V,V,T,M,A,A,E,K,C,V,M,L
maculatum,S,T,V,L,I,Y,A,D,M,V,V,T,M,A,A,E,Q,C,V,M,L
pichinchen,N,S,V,-,-,-,-,-,-,-,-,-,-,-,-,-,-,-,-,-,-
brevitubum,S,S,V,L,L,Y,A,E,M,V,V,T,M,A,A,E,K,C,V,M,L
ciliatum,N,S,V,-,-,-,-,-,-,-,-,-,-,-,-,-,-,-,-,-,-
nervosum,S,S,V,L,L,Y,A,E,I,V,V,S,I,A,S,E,Q,C,V,M,L
kansuense,S,T,V,L,I,Y,A,D,M,V,V,T,M,A,A,D,Q,C,V,M,I
tashiroi,S,T,S,L,L,F,A,E,M,V,A,T,M,G,A,D,Q,S,V,V,I
hupehense,-,-,-,-,-,-,-,D,M,V,V,T,M,A,A,D,Q,A,V,M,I
corylifoli,S,T,S,L,L,F,A,E,M,V,A,T,M,G,A,D,Q,S,V,V,-
amplifoliu,S,S,V,L,L,Y,A,E,I,V,V,S,M,A,A,E,K,S,V,M,L
sargentii,S,S,V,L,I,F,A,D,M,V,V,T,M,A,A,D,Q,S,V,M,I
glabratum,N,S,V,C,L,Y,A,D,M,V,V,T,M,A,A,E,Q,S,V,M,-
lancifoliu,S,T,S,-,-,-,-,-,-,-,-,-,-,-,-,-,-,-,-,-,-
molle,S,S,V,L,I,Y,A,D,M,V,V,T,M,A,A,D,Q,C,V,M,I
congestum,S,S,V,L,L,Y,A,D,M,V,V,T,M,A,A,E,Q,C,V,M,L
rhytidophy,S,S,V,L,L,Y,A,D,M,V,V,T,M,A,A,E,Q,C,V,M,L
melanocarp,S,T,V,L,I,Y,A,D,M,V,V,T,M,A,A,D,Q,C,V,M,I
acerifoliu,S,S,V,L,I,Y,A,D,M,V,V,T,M,A,A,E,Q,S,V,M,L
