ShortName,Site,AA,AA_Ancestral,AA_A_PosteriorProb,Ancestral,Substitution
luzonicum,76,S,S,1,TRUE,S76N
luzonicum,95,T,S,1,FALSE,S95T
luzonicum,157,S,V,1,FALSE,V157S
luzonicum,219,L,L,1,TRUE,L219C/V
luzonicum,225,L,I,0.987,FALSE,I225L
luzonicum,226,F,Y,1,FALSE,Y226F
luzonicum,230,A,A,1,TRUE,A230T
luzonicum,249,E,E,0.994,TRUE,E249D
luzonicum,251,M,M,1,TRUE,M251I
luzonicum,255,V,V,1,TRUE,V255I
luzonicum,262,A,V,1,FALSE,V262A/T
luzonicum,279,T,T,1,TRUE,T279S
luzonicum,309,M,M,1,TRUE,M309I
luzonicum,317,G,A,1,FALSE,A317G
luzonicum,328,A,A,1,TRUE,A328S/G
luzonicum,340,D,E,1,FALSE,E340D
luzonicum,429,Q,Q,1,TRUE,Q429K
luzonicum,449,S,C,1,FALSE,C449S/A
luzonicum,461,V,V,1,TRUE,V461I
luzonicum,472,V,M,1,FALSE,M472V
luzonicum,475,I,L,0.997,FALSE,L475I
lautum,76,N,S,1,FALSE,S76N
lautum,95,S,S,1,TRUE,S95T
lautum,157,V,V,1,TRUE,V157S
lautum,219,C,L,1,FALSE,L219C/V
lautum,225,L,I,0.987,FALSE,I225L
lautum,226,Y,Y,1,TRUE,Y226F
lautum,230,A,A,1,TRUE,A230T
lautum,249,D,E,0.994,FALSE,E249D
lautum,251,M,M,1,TRUE,M251I
lautum,255,V,V,1,TRUE,V255I
lautum,262,V,V,1,TRUE,V262A/T
lautum,279,T,T,1,TRUE,T279S
lautum,309,M,M,1,TRUE,M309I
lautum,317,A,A,1,TRUE,A317G
lautum,328,A,A,1,TRUE,A328S/G
lautum,340,E,E,1,TRUE,E340D
lautum,429,Q,Q,1,TRUE,Q429K
lautum,449,S,C,1,FALSE,C449S/A
lautum,461,V,V,1,TRUE,V461I
lautum,472,M,M,1,TRUE,M472V
lautum,475,L,L,0.997,TRUE,L475I
plicatum,76,S,S,1,TRUE,S76N
plicatum,95,T,S,1,FALSE,S95T
plicatum,157,V,V,1,TRUE,V157S
plicatum,219,L,L,1,TRUE,L219C/V
plicatum,225,L,I,0.987,FALSE,I225L
plicatum,226,Y,Y,1,TRUE,Y226F
plicatum,230,T,A,1,FALSE,A230T
plicatum,249,E,E,0.994,TRUE,E249D
plicatum,251,M,M,1,TRUE,M251I
plicatum,255,V,V,1,TRUE,V255I
plicatum,262,V,V,1,TRUE,V262A/T
plicatum,279,T,T,1,TRUE,T279S
plicatum,309,M,M,1,TRUE,M309I
plicatum,317,A,A,1,TRUE,A317G
plicatum,328,S,A,1,FALSE,A328S/G
plicatum,340,D,E,1,FALSE,E340D
plicatum,429,Q,Q,1,TRUE,Q429K
plicatum,449,S,C,1,FALSE,C449S/A
plicatum,461,V,V,1,TRUE,V461I
plicatum,472,M,M,1,TRUE,M472V
plicatum,475,L,L,0.997,TRUE,L475I
tinoides,76,N,S,1,FALSE,S76N
tinoides,95,S,S,1,TRUE,S95T
tinoides,157,V,V,1,TRUE,V157S
tinoides,219,C,L,1,FALSE,L219C/V
tinoides,225,L,I,0.987,FALSE,I225L
tinoides,226,Y,Y,1,TRUE,Y226F
tinoides,230,A,A,1,TRUE,A230T
tinoides,249,D,E,0.994,FALSE,E249D
tinoides,251,M,M,1,TRUE,M251I
tinoides,255,V,V,1,TRUE,V255I
tinoides,262,V,V,1,TRUE,V262A/T
tinoides,279,T,T,1,TRUE,T279S
tinoides,309,M,M,1,TRUE,M309I
tinoides,317,A,A,1,TRUE,A317G
tinoides,328,A,A,1,TRUE,A328S/G
tinoides,340,E,E,1,TRUE,E340D
tinoides,429,-,Q,1,NA,Q429K
tinoides,449,-,C,1,NA,C449S/A
tinoides,461,-,V,1,NA,V461I
tinoides,472,-,M,1,NA,M472V
tinoides,475,-,L,0.997,NA,L475I
cassinoide,76,S,S,1,TRUE,S76N
cassinoide,95,S,S,1,TRUE,S95T
cassinoide,157,V,V,1,TRUE,V157S
cassinoide,219,L,L,1,TRUE,L219C/V
cassinoide,225,L,I,0.987,FALSE,I225L
cassinoide,226,Y,Y,1,TRUE,Y226F
cassinoide,230,A,A,1,TRUE,A230T
cassinoide,249,D,E,0.994,FALSE,E249D
cassinoide,251,M,M,1,TRUE,M251I
cassinoide,255,V,V,1,TRUE,V255I
cassinoide,262,V,V,1,TRUE,V262A/T
cassinoide,279,T,T,1,TRUE,T279S
cassinoide,309,M,M,1,TRUE,M309I
cassinoide,317,A,A,1,TRUE,A317G
cassinoide,328,A,A,1,TRUE,A328S/G
cassinoide,340,E,E,1,TRUE,E340D
cassinoide,429,Q,Q,1,TRUE,Q429K
cassinoide,449,S,C,1,FALSE,C449S/A
cassinoide,461,V,V,1,TRUE,V461I
cassinoide,472,M,M,1,TRUE,M472V
cassinoide,475,L,L,0.997,TRUE,L475I
clemensiae,76,N,S,1,FALSE,S76N
clemensiae,95,S,S,1,TRUE,S95T
clemensiae,157,V,V,1,TRUE,V157S
clemensiae,219,V,L,1,FALSE,L219C/V
clemensiae,225,L,I,0.987,FALSE,I225L
clemensiae,226,Y,Y,1,TRUE,Y226F
clemensiae,230,A,A,1,TRUE,A230T
clemensiae,249,E,E,0.994,TRUE,E249D
clemensiae,251,M,M,1,TRUE,M251I
clemensiae,255,V,V,1,TRUE,V255I
clemensiae,262,V,V,1,TRUE,V262A/T
clemensiae,279,S,T,1,FALSE,T279S
clemensiae,309,M,M,1,TRUE,M309I
clemensiae,317,A,A,1,TRUE,A317G
clemensiae,328,A,A,1,TRUE,A328S/G
clemensiae,340,E,E,1,TRUE,E340D
clemensiae,429,Q,Q,1,TRUE,Q429K
clemensiae,449,C,C,1,TRUE,C449S/A
clemensiae,461,V,V,1,TRUE,V461I
clemensiae,472,M,M,1,TRUE,M472V
clemensiae,475,L,L,0.997,TRUE,L475I
brachybotr,76,S,S,1,TRUE,S76N
brachybotr,95,S,S,1,TRUE,S95T
brachybotr,157,V,V,1,TRUE,V157S
brachybotr,219,L,L,1,TRUE,L219C/V
brachybotr,225,L,I,0.987,FALSE,I225L
brachybotr,226,Y,Y,1,TRUE,Y226F
brachybotr,230,A,A,1,TRUE,A230T
brachybotr,249,E,E,0.994,TRUE,E249D
brachybotr,251,M,M,1,TRUE,M251I
brachybotr,255,I,V,1,FALSE,V255I
brachybotr,262,V,V,1,TRUE,V262A/T
brachybotr,279,S,T,1,FALSE,T279S
brachybotr,309,M,M,1,TRUE,M309I
brachybotr,317,A,A,1,TRUE,A317G
brachybotr,328,A,A,1,TRUE,A328S/G
brachybotr,340,E,E,1,TRUE,E340D
brachybotr,429,K,Q,1,FALSE,Q429K
brachybotr,449,C,C,1,TRUE,C449S/A
brachybotr,461,V,V,1,TRUE,V461I
brachybotr,472,-,M,1,NA,M472V
brachybotr,475,-,L,0.997,NA,L475I
atrocyaneu,76,S,S,1,TRUE,S76N
atrocyaneu,95,S,S,1,TRUE,S95T
atrocyaneu,157,V,V,1,TRUE,V157S
atrocyaneu,219,L,L,1,TRUE,L219C/V
atrocyaneu,225,I,I,0.987,TRUE,I225L
atrocyaneu,226,Y,Y,1,TRUE,Y226F
atrocyaneu,230,A,A,1,TRUE,A230T
atrocyaneu,249,D,E,0.994,FALSE,E249D
atrocyaneu,251,M,M,1,TRUE,M251I
atrocyaneu,255,V,V,1,TRUE,V255I
atrocyaneu,262,V,V,1,TRUE,V262A/T
atrocyaneu,279,T,T,1,TRUE,T279S
atrocyaneu,309,M,M,1,TRUE,M309I
atrocyaneu,317,A,A,1,TRUE,A317G
atrocyaneu,328,A,A,1,TRUE,A328S/G
atrocyaneu,340,E,E,1,TRUE,E340D
atrocyaneu,429,Q,Q,1,TRUE,Q429K
atrocyaneu,449,C,C,1,TRUE,C449S/A
atrocyaneu,461,V,V,1,TRUE,V461I
atrocyaneu,472,M,M,1,TRUE,M472V
atrocyaneu,475,I,L,0.997,FALSE,L475I
colebrooke,76,S,S,1,TRUE,S76N
colebrooke,95,S,S,1,TRUE,S95T
colebrooke,157,V,V,1,TRUE,V157S
colebrooke,219,L,L,1,TRUE,L219C/V
colebrooke,225,L,I,0.987,FALSE,I225L
colebrooke,226,Y,Y,1,TRUE,Y226F
colebrooke,230,T,A,1,FALSE,A230T
colebrooke,249,E,E,0.994,TRUE,E249D
colebrooke,251,I,M,1,FALSE,M251I
colebrooke,255,V,V,1,TRUE,V255I
colebrooke,262,V,V,1,TRUE,V262A/T
colebrooke,279,S,T,1,FALSE,T279S
colebrooke,309,M,M,1,TRUE,M309I
colebrooke,317,A,A,1,TRUE,A317G
colebrooke,328,A,A,1,TRUE,A328S/G
colebrooke,340,E,E,1,TRUE,E340D
colebrooke,429,Q,Q,1,TRUE,Q429K
colebrooke,449,S,C,1,FALSE,C449S/A
colebrooke,461,V,V,1,TRUE,V461I
colebrooke,472,M,M,1,TRUE,M472V
colebrooke,475,L,L,0.997,TRUE,L475I
ichangense,76,S,S,1,TRUE,S76N
ichangense,95,T,S,1,FALSE,S95T
ichangense,157,V,V,1,TRUE,V157S
ichangense,219,L,L,1,TRUE,L219C/V
ichangense,225,I,I,0.987,TRUE,I225L
ichangense,226,Y,Y,1,TRUE,Y226F
ichangense,230,A,A,1,TRUE,A230T
ichangense,249,D,E,0.994,FALSE,E249D
ichangense,251,M,M,1,TRUE,M251I
ichangense,255,V,V,1,TRUE,V255I
ichangense,262,V,V,1,TRUE,V262A/T
ichangense,279,T,T,1,TRUE,T279S
ichangense,309,M,M,1,TRUE,M309I
ichangense,317,A,A,1,TRUE,A317G
ichangense,328,A,A,1,TRUE,A328S/G
ichangense,340,D,E,1,FALSE,E340D
ichangense,429,Q,Q,1,TRUE,Q429K
ichangense,449,C,C,1,TRUE,C449S/A
ichangense,461,V,V,1,TRUE,V461I
ichangense,472,M,M,1,TRUE,M472V
ichangense,475,I,L,0.997,FALSE,L475I
hispidulum,76,S,S,1,TRUE,S76N
hispidulum,95,S,S,1,TRUE,S95T
hispidulum,157,V,V,1,TRUE,V157S
hispidulum,219,V,L,1,FALSE,L219C/V
hispidulum,225,I,I,0.987,TRUE,I225L
hispidulum,226,Y,Y,1,TRUE,Y226F
hispidulum,230,A,A,1,TRUE,A230T
hispidulum,249,E,E,0.994,TRUE,E249D
hispidulum,251,M,M,1,TRUE,M251I
hispidulum,255,V,V,1,TRUE,V255I
hispidulum,262,V,V,1,TRUE,V262A/T
hispidulum,279,T,T,1,TRUE,T279S
hispidulum,309,M,M,1,TRUE,M309I
hispidulum,317,A,A,1,TRUE,A317G
hispidulum,328,G,A,1,FALSE,A328S/G
hispidulum,340,E,E,1,TRUE,E340D
hispidulum,429,Q,Q,1,TRUE,Q429K
hispidulum,449,S,C,1,FALSE,C449S/A
hispidulum,461,V,V,1,TRUE,V461I
hispidulum,472,M,M,1,TRUE,M472V
hispidulum,475,I,L,0.997,FALSE,L475I
ayavacense,76,S,S,1,TRUE,S76N
ayavacense,95,S,S,1,TRUE,S95T
ayavacense,157,V,V,1,TRUE,V157S
ayavacense,219,-,L,1,NA,L219C/V
ayavacense,225,-,I,0.987,NA,I225L
ayavacense,226,-,Y,1,NA,Y226F
ayavacense,230,-,A,1,NA,A230T
ayavacense,249,-,E,0.994,NA,E249D
ayavacense,251,-,M,1,NA,M251I
ayavacense,255,-,V,1,NA,V255I
ayavacense,262,-,V,1,NA,V262A/T
ayavacense,279,-,T,1,NA,T279S
ayavacense,309,-,M,1,NA,M309I
ayavacense,317,-,A,1,NA,A317G
ayavacense,328,-,A,1,NA,A328S/G
ayavacense,340,-,E,1,NA,E340D
ayavacense,429,-,Q,1,NA,Q429K
ayavacense,449,-,C,1,NA,C449S/A
ayavacense,461,-,V,1,NA,V461I
ayavacense,472,-,M,1,NA,M472V
ayavacense,475,-,L,0.997,NA,L475I
obtusatum,76,S,S,1,TRUE,S76N
obtusatum,95,S,S,1,TRUE,S95T
obtusatum,157,V,V,1,TRUE,V157S
obtusatum,219,C,L,1,FALSE,L219C/V
obtusatum,225,L,I,0.987,FALSE,I225L
obtusatum,226,Y,Y,1,TRUE,Y226F
obtusatum,230,A,A,1,TRUE,A230T
obtusatum,249,D,E,0.994,FALSE,E249D
obtusatum,251,M,M,1,TRUE,M251I
obtusatum,255,V,V,1,TRUE,V255I
obtusatum,262,T,V,1,FALSE,V262A/T
obtusatum,279,T,T,1,TRUE,T279S
obtusatum,309,-,M,1,NA,M309I
obtusatum,317,-,A,1,NA,A317G
obtusatum,328,-,A,1,NA,A328S/G
obtusatum,340,-,E,1,NA,E340D
obtusatum,429,-,Q,1,NA,Q429K
obtusatum,449,-,C,1,NA,C449S/A
obtusatum,461,-,V,1,NA,V461I
obtusatum,472,-,M,1,NA,M472V
obtusatum,475,-,L,0.997,NA,L475I
punctatum,76,S,S,1,TRUE,S76N
punctatum,95,S,S,1,TRUE,S95T
punctatum,157,V,V,1,TRUE,V157S
punctatum,219,V,L,1,FALSE,L219C/V
punctatum,225,I,I,0.987,TRUE,I225L
punctatum,226,Y,Y,1,TRUE,Y226F
punctatum,230,A,A,1,TRUE,A230T
punctatum,249,E,E,0.994,TRUE,E249D
punctatum,251,M,M,1,TRUE,M251I
punctatum,255,I,V,1,FALSE,V255I
punctatum,262,V,V,1,TRUE,V262A/T
punctatum,279,T,T,1,TRUE,T279S
punctatum,309,M,M,1,TRUE,M309I
punctatum,317,G,A,1,FALSE,A317G
punctatum,328,A,A,1,TRUE,A328S/G
punctatum,340,E,E,1,TRUE,E340D
punctatum,429,Q,Q,1,TRUE,Q429K
punctatum,449,C,C,1,TRUE,C449S/A
punctatum,461,V,V,1,TRUE,V461I
punctatum,472,M,M,1,TRUE,M472V
punctatum,475,L,L,0.997,TRUE,L475I
dilatatum,76,S,S,1,TRUE,S76N
dilatatum,95,T,S,1,FALSE,S95T
dilatatum,157,S,V,1,FALSE,V157S
dilatatum,219,L,L,1,TRUE,L219C/V
dilatatum,225,L,I,0.987,FALSE,I225L
dilatatum,226,F,Y,1,FALSE,Y226F
dilatatum,230,A,A,1,TRUE,A230T
dilatatum,249,E,E,0.994,TRUE,E249D
dilatatum,251,M,M,1,TRUE,M251I
dilatatum,255,I,V,1,FALSE,V255I
dilatatum,262,A,V,1,FALSE,V262A/T
dilatatum,279,T,T,1,TRUE,T279S
dilatatum,309,M,M,1,TRUE,M309I
dilatatum,317,G,A,1,FALSE,A317G
dilatatum,328,A,A,1,TRUE,A328S/G
dilatatum,340,D,E,1,FALSE,E340D
dilatatum,429,Q,Q,1,TRUE,Q429K
dilatatum,449,S,C,1,FALSE,C449S/A
dilatatum,461,V,V,1,TRUE,V461I
dilatatum,472,V,M,1,FALSE,M472V
dilatatum,475,I,L,0.997,FALSE,L475I
betulifoli,76,S,S,1,TRUE,S76N
betulifoli,95,T,S,1,FALSE,S95T
betulifoli,157,V,V,1,TRUE,V157S
betulifoli,219,L,L,1,TRUE,L219C/V
betulifoli,225,I,I,0.987,TRUE,I225L
betulifoli,226,Y,Y,1,TRUE,Y226F
betulifoli,230,A,A,1,TRUE,A230T
betulifoli,249,D,E,0.994,FALSE,E249D
betulifoli,251,M,M,1,TRUE,M251I
betulifoli,255,V,V,1,TRUE,V255I
betulifoli,262,V,V,1,TRUE,V262A/T
betulifoli,279,T,T,1,TRUE,T279S
betulifoli,309,M,M,1,TRUE,M309I
betulifoli,317,A,A,1,TRUE,A317G
betulifoli,328,A,A,1,TRUE,A328S/G
betulifoli,340,D,E,1,FALSE,E340D
betulifoli,429,Q,Q,1,TRUE,Q429K
betulifoli,449,A,C,1,FALSE,C449S/A
betulifoli,461,V,V,1,TRUE,V461I
betulifoli,472,M,M,1,TRUE,M472V
betulifoli,475,I,L,0.997,FALSE,L475I
phlebotric,76,S,S,1,TRUE,S76N
phlebotric,95,T,S,1,FALSE,S95T
phlebotric,157,V,V,1,TRUE,V157S
phlebotric,219,L,L,1,TRUE,L219C/V
phlebotric,225,L,I,0.987,FALSE,I225L
phlebotric,226,F,Y,1,FALSE,Y226F
phlebotric,230,A,A,1,TRUE,A230T
phlebotric,249,E,E,0.994,TRUE,E249D
phlebotric,251,M,M,1,TRUE,M251I
phlebotric,255,I,V,1,FALSE,V255I
phlebotric,262,A,V,1,FALSE,V262A/T
phlebotric,279,T,T,1,TRUE,T279S
phlebotric,309,M,M,1,TRUE,M309I
phlebotric,317,G,A,1,FALSE,A317G
phlebotric,328,A,A,1,TRUE,A328S/G
phlebotric,340,D,E,1,FALSE,E340D
phlebotric,429,Q,Q,1,TRUE,Q429K
phlebotric,449,S,C,1,FALSE,C449S/A
phlebotric,461,V,V,1,TRUE,V461I
phlebotric,472,V,M,1,FALSE,M472V
phlebotric,475,I,L,0.997,FALSE,L475I
ellipticum,76,S,S,1,TRUE,S76N
ellipticum,95,S,S,1,TRUE,S95T
ellipticum,157,V,V,1,TRUE,V157S
ellipticum,219,L,L,1,TRUE,L219C/V
ellipticum,225,I,I,0.987,TRUE,I225L
ellipticum,226,Y,Y,1,TRUE,Y226F
ellipticum,230,A,A,1,TRUE,A230T
ellipticum,249,D,E,0.994,FALSE,E249D
ellipticum,251,M,M,1,TRUE,M251I
ellipticum,255,V,V,1,TRUE,V255I
ellipticum,262,V,V,1,TRUE,V262A/T
ellipticum,279,T,T,1,TRUE,T279S
ellipticum,309,M,M,1,TRUE,M309I
ellipticum,317,A,A,1,TRUE,A317G
ellipticum,328,A,A,1,TRUE,A328S/G
ellipticum,340,D,E,1,FALSE,E340D
ellipticum,429,Q,Q,1,TRUE,Q429K
ellipticum,449,C,C,1,TRUE,C449S/A
ellipticum,461,V,V,1,TRUE,V461I
ellipticum,472,M,M,1,TRUE,M472V
ellipticum,475,I,L,0.997,FALSE,L475I
brachyandr,76,S,S,1,TRUE,S76N
brachyandr,95,T,S,1,FALSE,S95T
brachyandr,157,S,V,1,FALSE,V157S
brachyandr,219,L,L,1,TRUE,L219C/V
brachyandr,225,L,I,0.987,FALSE,I225L
brachyandr,226,F,Y,1,FALSE,Y226F
brachyandr,230,A,A,1,TRUE,A230T
brachyandr,249,E,E,0.994,TRUE,E249D
brachyandr,251,M,M,1,TRUE,M251I
brachyandr,255,I,V,1,FALSE,V255I
brachyandr,262,A,V,1,FALSE,V262A/T
brachyandr,279,T,T,1,TRUE,T279S
brachyandr,309,M,M,1,TRUE,M309I
brachyandr,317,G,A,1,FALSE,A317G
brachyandr,328,A,A,1,TRUE,A328S/G
brachyandr,340,D,E,1,FALSE,E340D
brachyandr,429,Q,Q,1,TRUE,Q429K
brachyandr,449,S,C,1,FALSE,C449S/A
brachyandr,461,V,V,1,TRUE,V461I
brachyandr,472,V,M,1,FALSE,M472V
brachyandr,475,I,L,0.997,FALSE,L475I
toronis,76,S,S,1,TRUE,S76N
toronis,95,S,S,1,TRUE,S95T
toronis,157,V,V,1,TRUE,V157S
toronis,219,C,L,1,FALSE,L219C/V
toronis,225,L,I,0.987,FALSE,I225L
toronis,226,Y,Y,1,TRUE,Y226F
toronis,230,A,A,1,TRUE,A230T
toronis,249,D,E,0.994,FALSE,E249D
toronis,251,M,M,1,TRUE,M251I
toronis,255,V,V,1,TRUE,V255I
toronis,262,V,V,1,TRUE,V262A/T
toronis,279,T,T,1,TRUE,T279S
toronis,309,M,M,1,TRUE,M309I
toronis,317,A,A,1,TRUE,A317G
toronis,328,A,A,1,TRUE,A328S/G
toronis,340,E,E,1,TRUE,E340D
toronis,429,Q,Q,1,TRUE,Q429K
toronis,449,S,C,1,FALSE,C449S/A
toronis,461,V,V,1,TRUE,V461I
toronis,472,M,M,1,TRUE,M472V
toronis,475,L,L,0.997,TRUE,L475I
mongolicum,76,S,S,1,TRUE,S76N
mongolicum,95,S,S,1,TRUE,S95T
mongolicum,157,V,V,1,TRUE,V157S
mongolicum,219,L,L,1,TRUE,L219C/V
mongolicum,225,I,I,0.987,TRUE,I225L
mongolicum,226,Y,Y,1,TRUE,Y226F
mongolicum,230,A,A,1,TRUE,A230T
mongolicum,249,D,E,0.994,FALSE,E249D
mongolicum,251,M,M,1,TRUE,M251I
mongolicum,255,V,V,1,TRUE,V255I
mongolicum,262,V,V,1,TRUE,V262A/T
mongolicum,279,T,T,1,TRUE,T279S
mongolicum,309,M,M,1,TRUE,M309I
mongolicum,317,A,A,1,TRUE,A317G
mongolicum,328,A,A,1,TRUE,A328S/G
mongolicum,340,E,E,1,TRUE,E340D
mongolicum,429,Q,Q,1,TRUE,Q429K
mongolicum,449,C,C,1,TRUE,C449S/A
mongolicum,461,V,V,1,TRUE,V461I
mongolicum,472,M,M,1,TRUE,M472V
mongolicum,475,L,L,0.997,TRUE,L475I
cylindricu,76,S,S,1,TRUE,S76N
cylindricu,95,T,S,1,FALSE,S95T
cylindricu,157,V,V,1,TRUE,V157S
cylindricu,219,L,L,1,TRUE,L219C/V
cylindricu,225,I,I,0.987,TRUE,I225L
cylindricu,226,Y,Y,1,TRUE,Y226F
cylindricu,230,A,A,1,TRUE,A230T
cylindricu,249,D,E,0.994,FALSE,E249D
cylindricu,251,M,M,1,TRUE,M251I
cylindricu,255,V,V,1,TRUE,V255I
cylindricu,262,V,V,1,TRUE,V262A/T
cylindricu,279,T,T,1,TRUE,T279S
cylindricu,309,M,M,1,TRUE,M309I
cylindricu,317,A,A,1,TRUE,A317G
cylindricu,328,A,A,1,TRUE,A328S/G
cylindricu,340,D,E,1,FALSE,E340D
cylindricu,429,Q,Q,1,TRUE,Q429K
cylindricu,449,C,C,1,TRUE,C449S/A
cylindricu,461,V,V,1,TRUE,V461I
cylindricu,472,-,M,1,NA,M472V
cylindricu,475,-,L,0.997,NA,L475I
urceolatum,76,S,S,1,TRUE,S76N
urceolatum,95,S,S,1,TRUE,S95T
urceolatum,157,V,V,1,TRUE,V157S
urceolatum,219,L,L,1,TRUE,L219C/V
urceolatum,225,L,I,0.987,FALSE,I225L
urceolatum,226,Y,Y,1,TRUE,Y226F
urceolatum,230,T,A,1,FALSE,A230T
urceolatum,249,D,E,0.994,FALSE,E249D
urceolatum,251,M,M,1,TRUE,M251I
urceolatum,255,I,V,1,FALSE,V255I
urceolatum,262,V,V,1,TRUE,V262A/T
urceolatum,279,T,T,1,TRUE,T279S
urceolatum,309,M,M,1,TRUE,M309I
urceolatum,317,A,A,1,TRUE,A317G
urceolatum,328,A,A,1,TRUE,A328S/G
urceolatum,340,E,E,1,TRUE,E340D
urceolatum,429,Q,Q,1,TRUE,Q429K
urceolatum,449,S,C,1,FALSE,C449S/A
urceolatum,461,V,V,1,TRUE,V461I
urceolatum,472,M,M,1,TRUE,M472V
urceolatum,475,L,L,0.997,TRUE,L475I
obtectum,76,N,S,1,FALSE,S76N
obtectum,95,S,S,1,TRUE,S95T
obtectum,157,V,V,1,TRUE,V157S
obtectum,219,-,L,1,NA,L219C/V
obtectum,225,-,I,0.987,NA,I225L
obtectum,226,-,Y,1,NA,Y226F
obtectum,230,-,A,1,NA,A230T
obtectum,249,-,E,0.994,NA,E249D
obtectum,251,-,M,1,NA,M251I
obtectum,255,-,V,1,NA,V255I
obtectum,262,-,V,1,NA,V262A/T
obtectum,279,-,T,1,NA,T279S
obtectum,309,-,M,1,NA,M309I
obtectum,317,-,A,1,NA,A317G
obtectum,328,-,A,1,NA,A328S/G
obtectum,340,-,E,1,NA,E340D
obtectum,429,-,Q,1,NA,Q429K
obtectum,449,-,C,1,NA,C449S/A
obtectum,461,-,V,1,NA,V461I
obtectum,472,-,M,1,NA,M472V
obtectum,475,-,L,0.997,NA,L475I
setigerum,76,S,S,1,TRUE,S76N
setigerum,95,T,S,1,FALSE,S95T
setigerum,157,S,V,1,FALSE,V157S
setigerum,219,L,L,1,TRUE,L219C/V
setigerum,225,L,I,0.987,FALSE,I225L
setigerum,226,F,Y,1,FALSE,Y226F
setigerum,230,A,A,1,TRUE,A230T
setigerum,249,E,E,0.994,TRUE,E249D
setigerum,251,M,M,1,TRUE,M251I
setigerum,255,V,V,1,TRUE,V255I
setigerum,262,A,V,1,FALSE,V262A/T
setigerum,279,T,T,1,TRUE,T279S
setigerum,309,M,M,1,TRUE,M309I
setigerum,317,G,A,1,FALSE,A317G
setigerum,328,A,A,1,TRUE,A328S/G
setigerum,340,D,E,1,FALSE,E340D
setigerum,429,Q,Q,1,TRUE,Q429K
setigerum,449,S,C,1,FALSE,C449S/A
setigerum,461,V,V,1,TRUE,V461I
setigerum,472,V,M,1,FALSE,M472V
setigerum,475,I,L,0.997,FALSE,L475I
foetidum,76,S,S,1,TRUE,S76N
foetidum,95,T,S,1,FALSE,S95T
foetidum,157,V,V,1,TRUE,V157S
foetidum,219,L,L,1,TRUE,L219C/V
foetidum,225,L,I,0.987,FALSE,I225L
foetidum,226,Y,Y,1,TRUE,Y226F
foetidum,230,A,A,1,TRUE,A230T
foetidum,249,D,E,0.994,FALSE,E249D
foetidum,251,M,M,1,TRUE,M251I
foetidum,255,V,V,1,TRUE,V255I
foetidum,262,V,V,1,TRUE,V262A/T
foetidum,279,T,T,1,TRUE,T279S
foetidum,309,M,M,1,TRUE,M309I
foetidum,317,A,A,1,TRUE,A317G
foetidum,328,A,A,1,TRUE,A328S/G
foetidum,340,D,E,1,FALSE,E340D
foetidum,429,Q,Q,1,TRUE,Q429K
foetidum,449,A,C,1,FALSE,C449S/A
foetidum,461,V,V,1,TRUE,V461I
foetidum,472,M,M,1,TRUE,M472V
foetidum,475,I,L,0.997,FALSE,L475I
erubescens,76,S,S,1,TRUE,S76N
erubescens,95,S,S,1,TRUE,S95T
erubescens,157,V,V,1,TRUE,V157S
erubescens,219,L,L,1,TRUE,L219C/V
erubescens,225,L,I,0.987,FALSE,I225L
erubescens,226,Y,Y,1,TRUE,Y226F
erubescens,230,A,A,1,TRUE,A230T
erubescens,249,E,E,0.994,TRUE,E249D
erubescens,251,M,M,1,TRUE,M251I
erubescens,255,V,V,1,TRUE,V255I
erubescens,262,V,V,1,TRUE,V262A/T
erubescens,279,T,T,1,TRUE,T279S
erubescens,309,M,M,1,TRUE,M309I
erubescens,317,A,A,1,TRUE,A317G
erubescens,328,A,A,1,TRUE,A328S/G
erubescens,340,E,E,1,TRUE,E340D
erubescens,429,K,Q,1,FALSE,Q429K
erubescens,449,C,C,1,TRUE,C449S/A
erubescens,461,V,V,1,TRUE,V461I
erubescens,472,M,M,1,TRUE,M472V
erubescens,475,L,L,0.997,TRUE,L475I
mullaha,76,S,S,1,TRUE,S76N
mullaha,95,T,S,1,FALSE,S95T
mullaha,157,V,V,1,TRUE,V157S
mullaha,219,L,L,1,TRUE,L219C/V
mullaha,225,L,I,0.987,FALSE,I225L
mullaha,226,Y,Y,1,TRUE,Y226F
mullaha,230,A,A,1,TRUE,A230T
mullaha,249,D,E,0.994,FALSE,E249D
mullaha,251,M,M,1,TRUE,M251I
mullaha,255,V,V,1,TRUE,V255I
mullaha,262,V,V,1,TRUE,V262A/T
mullaha,279,T,T,1,TRUE,T279S
mullaha,309,M,M,1,TRUE,M309I
mullaha,317,A,A,1,TRUE,A317G
mullaha,328,A,A,1,TRUE,A328S/G
mullaha,340,D,E,1,FALSE,E340D
mullaha,429,Q,Q,1,TRUE,Q429K
mullaha,449,A,C,1,FALSE,C449S/A
mullaha,461,V,V,1,TRUE,V461I
mullaha,472,M,M,1,TRUE,M472V
mullaha,475,I,L,0.997,FALSE,L475I
chinshanen,76,S,S,1,TRUE,S76N
chinshanen,95,S,S,1,TRUE,S95T
chinshanen,157,V,V,1,TRUE,V157S
chinshanen,219,L,L,1,TRUE,L219C/V
chinshanen,225,L,I,0.987,FALSE,I225L
chinshanen,226,Y,Y,1,TRUE,Y226F
chinshanen,230,A,A,1,TRUE,A230T
chinshanen,249,D,E,0.994,FALSE,E249D
chinshanen,251,M,M,1,TRUE,M251I
chinshanen,255,V,V,1,TRUE,V255I
chinshanen,262,V,V,1,TRUE,V262A/T
chinshanen,279,T,T,1,TRUE,T279S
chinshanen,309,M,M,1,TRUE,M309I
chinshanen,317,A,A,1,TRUE,A317G
chinshanen,328,A,A,1,TRUE,A328S/G
chinshanen,340,E,E,1,TRUE,E340D
chinshanen,429,Q,Q,1,TRUE,Q429K
chinshanen,449,C,C,1,TRUE,C449S/A
chinshanen,461,V,V,1,TRUE,V461I
chinshanen,472,M,M,1,TRUE,M472V
chinshanen,475,L,L,0.997,TRUE,L475I
stenocalyx,76,N,S,1,FALSE,S76N
stenocalyx,95,S,S,1,TRUE,S95T
stenocalyx,157,V,V,1,TRUE,V157S
stenocalyx,219,C,L,1,FALSE,L219C/V
stenocalyx,225,I,I,0.987,TRUE,I225L
stenocalyx,226,Y,Y,1,TRUE,Y226F
stenocalyx,230,A,A,1,TRUE,A230T
stenocalyx,249,D,E,0.994,FALSE,E249D
stenocalyx,251,M,M,1,TRUE,M251I
stenocalyx,255,V,V,1,TRUE,V255I
stenocalyx,262,V,V,1,TRUE,V262A/T
stenocalyx,279,T,T,1,TRUE,T279S
stenocalyx,309,M,M,1,TRUE,M309I
stenocalyx,317,A,A,1,TRUE,A317G
stenocalyx,328,A,A,1,TRUE,A328S/G
stenocalyx,340,E,E,1,TRUE,E340D
stenocalyx,429,Q,Q,1,TRUE,Q429K
stenocalyx,449,S,C,1,FALSE,C449S/A
stenocalyx,461,V,V,1,TRUE,V461I
stenocalyx,472,M,M,1,TRUE,M472V
stenocalyx,475,L,L,0.997,TRUE,L475I
lantana,76,S,S,1,TRUE,S76N
lantana,95,T,S,1,FALSE,S95T
lantana,157,V,V,1,TRUE,V157S
lantana,219,L,L,1,TRUE,L219C/V
lantana,225,I,I,0.987,TRUE,I225L
lantana,226,Y,Y,1,TRUE,Y226F
lantana,230,A,A,1,TRUE,A230T
lantana,249,D,E,0.994,FALSE,E249D
lantana,251,M,M,1,TRUE,M251I
lantana,255,V,V,1,TRUE,V255I
lantana,262,V,V,1,TRUE,V262A/T
lantana,279,T,T,1,TRUE,T279S
lantana,309,M,M,1,TRUE,M309I
lantana,317,A,A,1,TRUE,A317G
lantana,328,A,A,1,TRUE,A328S/G
lantana,340,E,E,1,TRUE,E340D
lantana,429,Q,Q,1,TRUE,Q429K
lantana,449,C,C,1,TRUE,C449S/A
lantana,461,V,V,1,TRUE,V461I
lantana,472,M,M,1,TRUE,M472V
lantana,475,L,L,0.997,TRUE,L475I
prunifoliu,76,S,S,1,TRUE,S76N
prunifoliu,95,S,S,1,TRUE,S95T
prunifoliu,157,V,V,1,TRUE,V157S
prunifoliu,219,L,L,1,TRUE,L219C/V
prunifoliu,225,I,I,0.987,TRUE,I225L
prunifoliu,226,Y,Y,1,TRUE,Y226F
prunifoliu,230,A,A,1,TRUE,A230T
prunifoliu,249,D,E,0.994,FALSE,E249D
prunifoliu,251,M,M,1,TRUE,M251I
prunifoliu,255,V,V,1,TRUE,V255I
prunifoliu,262,V,V,1,TRUE,V262A/T
prunifoliu,279,T,T,1,TRUE,T279S
prunifoliu,309,M,M,1,TRUE,M309I
prunifoliu,317,A,A,1,TRUE,A317G
prunifoliu,328,A,A,1,TRUE,A328S/G
prunifoliu,340,E,E,1,TRUE,E340D
prunifoliu,429,Q,Q,1,TRUE,Q429K
prunifoliu,449,S,C,1,FALSE,C449S/A
prunifoliu,461,V,V,1,TRUE,V461I
prunifoliu,472,M,M,1,TRUE,M472V
prunifoliu,475,L,L,0.997,TRUE,L475I
divaricatu,76,N,S,1,FALSE,S76N
divaricatu,95,S,S,1,TRUE,S95T
divaricatu,157,V,V,1,TRUE,V157S
divaricatu,219,-,L,1,NA,L219C/V
divaricatu,225,-,I,0.987,NA,I225L
divaricatu,226,-,Y,1,NA,Y226F
divaricatu,230,-,A,1,NA,A230T
divaricatu,249,-,E,0.994,NA,E249D
divaricatu,251,-,M,1,NA,M251I
divaricatu,255,-,V,1,NA,V255I
divaricatu,262,-,V,1,NA,V262A/T
divaricatu,279,-,T,1,NA,T279S
divaricatu,309,-,M,1,NA,M309I
divaricatu,317,-,A,1,NA,A317G
divaricatu,328,-,A,1,NA,A328S/G
divaricatu,340,-,E,1,NA,E340D
divaricatu,429,-,Q,1,NA,Q429K
divaricatu,449,-,C,1,NA,C449S/A
divaricatu,461,-,V,1,NA,V461I
divaricatu,472,-,M,1,NA,M472V
divaricatu,475,-,L,0.997,NA,L475I
henryi,76,S,S,1,TRUE,S76N
henryi,95,S,S,1,TRUE,S95T
henryi,157,V,V,1,TRUE,V157S
henryi,219,L,L,1,TRUE,L219C/V
henryi,225,L,I,0.987,FALSE,I225L
henryi,226,Y,Y,1,TRUE,Y226F
henryi,230,A,A,1,TRUE,A230T
henryi,249,D,E,0.994,FALSE,E249D
henryi,251,M,M,1,TRUE,M251I
henryi,255,V,V,1,TRUE,V255I
henryi,262,V,V,1,TRUE,V262A/T
henryi,279,S,T,1,FALSE,T279S
henryi,309,M,M,1,TRUE,M309I
henryi,317,A,A,1,TRUE,A317G
henryi,328,A,A,1,TRUE,A328S/G
henryi,340,E,E,1,TRUE,E340D
henryi,429,K,Q,1,FALSE,Q429K
henryi,449,C,C,1,TRUE,C449S/A
henryi,461,V,V,1,TRUE,V461I
henryi,472,M,M,1,TRUE,M472V
henryi,475,-,L,0.997,NA,L475I
dentatum,76,S,S,1,TRUE,S76N
dentatum,95,S,S,1,TRUE,S95T
dentatum,157,V,V,1,TRUE,V157S
dentatum,219,V,L,1,FALSE,L219C/V
dentatum,225,I,I,0.987,TRUE,I225L
dentatum,226,Y,Y,1,TRUE,Y226F
dentatum,230,A,A,1,TRUE,A230T
dentatum,249,D,E,0.994,FALSE,E249D
dentatum,251,M,M,1,TRUE,M251I
dentatum,255,V,V,1,TRUE,V255I
dentatum,262,V,V,1,TRUE,V262A/T
dentatum,279,T,T,1,TRUE,T279S
dentatum,309,M,M,1,TRUE,M309I
dentatum,317,A,A,1,TRUE,A317G
dentatum,328,A,A,1,TRUE,A328S/G
dentatum,340,E,E,1,TRUE,E340D
dentatum,429,Q,Q,1,TRUE,Q429K
dentatum,449,A,C,1,FALSE,C449S/A
dentatum,461,V,V,1,TRUE,V461I
dentatum,472,M,M,1,TRUE,M472V
dentatum,475,I,L,0.997,FALSE,L475I
glomeratum,76,S,S,1,TRUE,S76N
glomeratum,95,S,S,1,TRUE,S95T
glomeratum,157,V,V,1,TRUE,V157S
glomeratum,219,L,L,1,TRUE,L219C/V
glomeratum,225,L,I,0.987,FALSE,I225L
glomeratum,226,Y,Y,1,TRUE,Y226F
glomeratum,230,A,A,1,TRUE,A230T
glomeratum,249,D,E,0.994,FALSE,E249D
glomeratum,251,M,M,1,TRUE,M251I
glomeratum,255,V,V,1,TRUE,V255I
glomeratum,262,V,V,1,TRUE,V262A/T
glomeratum,279,T,T,1,TRUE,T279S
glomeratum,309,M,M,1,TRUE,M309I
glomeratum,317,A,A,1,TRUE,A317G
glomeratum,328,A,A,1,TRUE,A328S/G
glomeratum,340,E,E,1,TRUE,E340D
glomeratum,429,Q,Q,1,TRUE,Q429K
glomeratum,449,C,C,1,TRUE,C449S/A
glomeratum,461,V,V,1,TRUE,V461I
glomeratum,472,M,M,1,TRUE,M472V
glomeratum,475,L,L,0.997,TRUE,L475I
microphyll,76,N,S,1,FALSE,S76N
microphyll,95,S,S,1,TRUE,S95T
microphyll,157,V,V,1,TRUE,V157S
microphyll,219,C,L,1,FALSE,L219C/V
microphyll,225,I,I,0.987,TRUE,I225L
microphyll,226,Y,Y,1,TRUE,Y226F
microphyll,230,A,A,1,TRUE,A230T
microphyll,249,D,E,0.994,FALSE,E249D
microphyll,251,M,M,1,TRUE,M251I
microphyll,255,V,V,1,TRUE,V255I
microphyll,262,V,V,1,TRUE,V262A/T
microphyll,279,T,T,1,TRUE,T279S
microphyll,309,M,M,1,TRUE,M309I
microphyll,317,A,A,1,TRUE,A317G
microphyll,328,A,A,1,TRUE,A328S/G
microphyll,340,E,E,1,TRUE,E340D
microphyll,429,Q,Q,1,TRUE,Q429K
microphyll,449,S,C,1,FALSE,C449S/A
microphyll,461,V,V,1,TRUE,V461I
microphyll,472,M,M,1,TRUE,M472V
microphyll,475,L,L,0.997,TRUE,L475I
flavescens,76,S,S,1,TRUE,S76N
flavescens,95,T,S,1,FALSE,S95T
flavescens,157,V,V,1,TRUE,V157S
flavescens,219,L,L,1,TRUE,L219C/V
flavescens,225,I,I,0.987,TRUE,I225L
flavescens,226,Y,Y,1,TRUE,Y226F
flavescens,230,A,A,1,TRUE,A230T
flavescens,249,D,E,0.994,FALSE,E249D
flavescens,251,M,M,1,TRUE,M251I
flavescens,255,V,V,1,TRUE,V255I
flavescens,262,V,V,1,TRUE,V262A/T
flavescens,279,T,T,1,TRUE,T279S
flavescens,309,M,M,1,TRUE,M309I
flavescens,317,A,A,1,TRUE,A317G
flavescens,328,A,A,1,TRUE,A328S/G
flavescens,340,D,E,1,FALSE,E340D
flavescens,429,Q,Q,1,TRUE,Q429K
flavescens,449,C,C,1,TRUE,C449S/A
flavescens,461,V,V,1,TRUE,V461I
flavescens,472,M,M,1,TRUE,M472V
flavescens,475,I,L,0.997,FALSE,L475I
calvum,76,S,S,1,TRUE,S76N
calvum,95,S,S,1,TRUE,S95T
calvum,157,V,V,1,TRUE,V157S
calvum,219,L,L,1,TRUE,L219C/V
calvum,225,I,I,0.987,TRUE,I225L
calvum,226,Y,Y,1,TRUE,Y226F
calvum,230,A,A,1,TRUE,A230T
calvum,249,D,E,0.994,FALSE,E249D
calvum,251,M,M,1,TRUE,M251I
calvum,255,V,V,1,TRUE,V255I
calvum,262,V,V,1,TRUE,V262A/T
calvum,279,T,T,1,TRUE,T279S
calvum,309,M,M,1,TRUE,M309I
calvum,317,A,A,1,TRUE,A317G
calvum,328,A,A,1,TRUE,A328S/G
calvum,340,E,E,1,TRUE,E340D
calvum,429,Q,Q,1,TRUE,Q429K
calvum,449,C,C,1,TRUE,C449S/A
calvum,461,V,V,1,TRUE,V461I
calvum,472,M,M,1,TRUE,M472V
calvum,475,I,L,0.997,FALSE,L475I
scabrellum,76,S,S,1,TRUE,S76N
scabrellum,95,S,S,1,TRUE,S95T
scabrellum,157,V,V,1,TRUE,V157S
scabrellum,219,V,L,1,FALSE,L219C/V
scabrellum,225,I,I,0.987,TRUE,I225L
scabrellum,226,Y,Y,1,TRUE,Y226F
scabrellum,230,A,A,1,TRUE,A230T
scabrellum,249,D,E,0.994,FALSE,E249D
scabrellum,251,M,M,1,TRUE,M251I
scabrellum,255,V,V,1,TRUE,V255I
scabrellum,262,V,V,1,TRUE,V262A/T
scabrellum,279,T,T,1,TRUE,T279S
scabrellum,309,-,M,1,NA,M309I
scabrellum,317,-,A,1,NA,A317G
scabrellum,328,-,A,1,NA,A328S/G
scabrellum,340,-,E,1,NA,E340D
scabrellum,429,-,Q,1,NA,Q429K
scabrellum,449,-,C,1,NA,C449S/A
scabrellum,461,-,V,1,NA,V461I
scabrellum,472,-,M,1,NA,M472V
scabrellum,475,-,L,0.997,NA,L475I
lutescens,76,S,S,1,TRUE,S76N
lutescens,95,S,S,1,TRUE,S95T
lutescens,157,V,V,1,TRUE,V157S
lutescens,219,L,L,1,TRUE,L219C/V
lutescens,225,L,I,0.987,FALSE,I225L
lutescens,226,Y,Y,1,TRUE,Y226F
lutescens,230,T,A,1,FALSE,A230T
lutescens,249,E,E,0.994,TRUE,E249D
lutescens,251,I,M,1,FALSE,M251I
lutescens,255,V,V,1,TRUE,V255I
lutescens,262,V,V,1,TRUE,V262A/T
lutescens,279,S,T,1,FALSE,T279S
lutescens,309,M,M,1,TRUE,M309I
lutescens,317,A,A,1,TRUE,A317G
lutescens,328,A,A,1,TRUE,A328S/G
lutescens,340,E,E,1,TRUE,E340D
lutescens,429,K,Q,1,FALSE,Q429K
lutescens,449,S,C,1,FALSE,C449S/A
lutescens,461,V,V,1,TRUE,V461I
lutescens,472,M,M,1,TRUE,M472V
lutescens,475,L,L,0.997,TRUE,L475I
loeseneri,76,N,S,1,FALSE,S76N
loeseneri,95,S,S,1,TRUE,S95T
loeseneri,157,V,V,1,TRUE,V157S
loeseneri,219,C,L,1,FALSE,L219C/V
loeseneri,225,I,I,0.987,TRUE,I225L
loeseneri,226,Y,Y,1,TRUE,Y226F
loeseneri,230,A,A,1,TRUE,A230T
loeseneri,249,D,E,0.994,FALSE,E249D
loeseneri,251,M,M,1,TRUE,M251I
loeseneri,255,V,V,1,TRUE,V255I
loeseneri,262,V,V,1,TRUE,V262A/T
loeseneri,279,T,T,1,TRUE,T279S
loeseneri,309,M,M,1,TRUE,M309I
loeseneri,317,A,A,1,TRUE,A317G
loeseneri,328,A,A,1,TRUE,A328S/G
loeseneri,340,E,E,1,TRUE,E340D
loeseneri,429,Q,Q,1,TRUE,Q429K
loeseneri,449,S,C,1,FALSE,C449S/A
loeseneri,461,V,V,1,TRUE,V461I
loeseneri,472,M,M,1,TRUE,M472V
loeseneri,475,L,L,0.997,TRUE,L475I
brevipes,76,S,S,1,TRUE,S76N
brevipes,95,T,S,1,FALSE,S95T
brevipes,157,S,V,1,FALSE,V157S
brevipes,219,-,L,1,NA,L219C/V
brevipes,225,-,I,0.987,NA,I225L
brevipes,226,-,Y,1,NA,Y226F
brevipes,230,-,A,1,NA,A230T
brevipes,249,-,E,0.994,NA,E249D
brevipes,251,-,M,1,NA,M251I
brevipes,255,-,V,1,NA,V255I
brevipes,262,-,V,1,NA,V262A/T
brevipes,279,-,T,1,NA,T279S
brevipes,309,-,M,1,NA,M309I
brevipes,317,-,A,1,NA,A317G
brevipes,328,-,A,1,NA,A328S/G
brevipes,340,-,E,1,NA,E340D
brevipes,429,-,Q,1,NA,Q429K
brevipes,449,-,C,1,NA,C449S/A
brevipes,461,-,V,1,NA,V461I
brevipes,472,-,M,1,NA,M472V
brevipes,475,-,L,0.997,NA,L475I
rafinesqui,76,S,S,1,TRUE,S76N
rafinesqui,95,S,S,1,TRUE,S95T
rafinesqui,157,V,V,1,TRUE,V157S
rafinesqui,219,L,L,1,TRUE,L219C/V
rafinesqui,225,I,I,0.987,TRUE,I225L
rafinesqui,226,Y,Y,1,TRUE,Y226F
rafinesqui,230,A,A,1,TRUE,A230T
rafinesqui,249,D,E,0.994,FALSE,E249D
rafinesqui,251,M,M,1,TRUE,M251I
rafinesqui,255,V,V,1,TRUE,V255I
rafinesqui,262,V,V,1,TRUE,V262A/T
rafinesqui,279,T,T,1,TRUE,T279S
rafinesqui,309,M,M,1,TRUE,M309I
rafinesqui,317,A,A,1,TRUE,A317G
rafinesqui,328,A,A,1,TRUE,A328S/G
rafinesqui,340,D,E,1,FALSE,E340D
rafinesqui,429,Q,Q,1,TRUE,Q429K
rafinesqui,449,C,C,1,TRUE,C449S/A
rafinesqui,461,V,V,1,TRUE,V461I
rafinesqui,472,M,M,1,TRUE,M472V
rafinesqui,475,I,L,0.997,FALSE,L475I
integrifol,76,S,S,1,TRUE,S76N
integrifol,95,T,S,1,FALSE,S95T
integrifol,157,S,V,1,FALSE,V157S
integrifol,219,L,L,1,TRUE,L219C/V
integrifol,225,L,I,0.987,FALSE,I225L
integrifol,226,F,Y,1,FALSE,Y226F
integrifol,230,A,A,1,TRUE,A230T
integrifol,249,E,E,0.994,TRUE,E249D
integrifol,251,M,M,1,TRUE,M251I
integrifol,255,V,V,1,TRUE,V255I
integrifol,262,A,V,1,FALSE,V262A/T
integrifol,279,T,T,1,TRUE,T279S
integrifol,309,M,M,1,TRUE,M309I
integrifol,317,G,A,1,FALSE,A317G
integrifol,328,A,A,1,TRUE,A328S/G
integrifol,340,D,E,1,FALSE,E340D
integrifol,429,Q,Q,1,TRUE,Q429K
integrifol,449,S,C,1,FALSE,C449S/A
integrifol,461,V,V,1,TRUE,V461I
integrifol,472,V,M,1,FALSE,M472V
integrifol,475,I,L,0.997,FALSE,L475I
glaberrimu,76,S,S,1,TRUE,S76N
glaberrimu,95,S,S,1,TRUE,S95T
glaberrimu,157,V,V,1,TRUE,V157S
glaberrimu,219,V,L,1,FALSE,L219C/V
glaberrimu,225,I,I,0.987,TRUE,I225L
glaberrimu,226,Y,Y,1,TRUE,Y226F
glaberrimu,230,A,A,1,TRUE,A230T
glaberrimu,249,E,E,0.994,TRUE,E249D
glaberrimu,251,M,M,1,TRUE,M251I
glaberrimu,255,V,V,1,TRUE,V255I
glaberrimu,262,V,V,1,TRUE,V262A/T
glaberrimu,279,T,T,1,TRUE,T279S
glaberrimu,309,M,M,1,TRUE,M309I
glaberrimu,317,A,A,1,TRUE,A317G
glaberrimu,328,G,A,1,FALSE,A328S/G
glaberrimu,340,E,E,1,TRUE,E340D
glaberrimu,429,Q,Q,1,TRUE,Q429K
glaberrimu,449,S,C,1,FALSE,C449S/A
glaberrimu,461,V,V,1,TRUE,V461I
glaberrimu,472,-,M,1,NA,M472V
glaberrimu,475,-,L,0.997,NA,L475I
pyramidatu,76,S,S,1,TRUE,S76N
pyramidatu,95,S,S,1,TRUE,S95T
pyramidatu,157,V,V,1,TRUE,V157S
pyramidatu,219,L,L,1,TRUE,L219C/V
pyramidatu,225,L,I,0.987,FALSE,I225L
pyramidatu,226,Y,Y,1,TRUE,Y226F
pyramidatu,230,T,A,1,FALSE,A230T
pyramidatu,249,E,E,0.994,TRUE,E249D
pyramidatu,251,I,M,1,FALSE,M251I
pyramidatu,255,V,V,1,TRUE,V255I
pyramidatu,262,V,V,1,TRUE,V262A/T
pyramidatu,279,S,T,1,FALSE,T279S
pyramidatu,309,M,M,1,TRUE,M309I
pyramidatu,317,A,A,1,TRUE,A317G
pyramidatu,328,A,A,1,TRUE,A328S/G
pyramidatu,340,E,E,1,TRUE,E340D
pyramidatu,429,K,Q,1,FALSE,Q429K
pyramidatu,449,S,C,1,FALSE,C449S/A
pyramidatu,461,V,V,1,TRUE,V461I
pyramidatu,472,M,M,1,TRUE,M472V
pyramidatu,475,L,L,0.997,TRUE,L475I
sieboldii,76,S,S,1,TRUE,S76N
sieboldii,95,S,S,1,TRUE,S95T
sieboldii,157,V,V,1,TRUE,V157S
sieboldii,219,L,L,1,TRUE,L219C/V
sieboldii,225,L,I,0.987,FALSE,I225L
sieboldii,226,Y,Y,1,TRUE,Y226F
sieboldii,230,T,A,1,FALSE,A230T
sieboldii,249,E,E,0.994,TRUE,E249D
sieboldii,251,I,M,1,FALSE,M251I
sieboldii,255,V,V,1,TRUE,V255I
sieboldii,262,V,V,1,TRUE,V262A/T
sieboldii,279,S,T,1,FALSE,T279S
sieboldii,309,M,M,1,TRUE,M309I
sieboldii,317,A,A,1,TRUE,A317G
sieboldii,328,S,A,1,FALSE,A328S/G
sieboldii,340,E,E,1,TRUE,E340D
sieboldii,429,Q,Q,1,TRUE,Q429K
sieboldii,449,S,C,1,FALSE,C449S/A
sieboldii,461,V,V,1,TRUE,V461I
sieboldii,472,M,M,1,TRUE,M472V
sieboldii,475,L,L,0.997,TRUE,L475I
sulcatum,76,N,S,1,FALSE,S76N
sulcatum,95,S,S,1,TRUE,S95T
sulcatum,157,V,V,1,TRUE,V157S
sulcatum,219,C,L,1,FALSE,L219C/V
sulcatum,225,L,I,0.987,FALSE,I225L
sulcatum,226,Y,Y,1,TRUE,Y226F
sulcatum,230,A,A,1,TRUE,A230T
sulcatum,249,D,E,0.994,FALSE,E249D
sulcatum,251,M,M,1,TRUE,M251I
sulcatum,255,V,V,1,TRUE,V255I
sulcatum,262,V,V,1,TRUE,V262A/T
sulcatum,279,T,T,1,TRUE,T279S
sulcatum,309,-,M,1,NA,M309I
sulcatum,317,-,A,1,NA,A317G
sulcatum,328,-,A,1,NA,A328S/G
sulcatum,340,-,E,1,NA,E340D
sulcatum,429,-,Q,1,NA,Q429K
sulcatum,449,-,C,1,NA,C449S/A
sulcatum,461,-,V,1,NA,V461I
sulcatum,472,-,M,1,NA,M472V
sulcatum,475,-,L,0.997,NA,L475I
ternatum,76,S,S,1,TRUE,S76N
ternatum,95,S,S,1,TRUE,S95T
ternatum,157,V,V,1,TRUE,V157S
ternatum,219,V,L,1,FALSE,L219C/V
ternatum,225,I,I,0.987,TRUE,I225L
ternatum,226,Y,Y,1,TRUE,Y226F
ternatum,230,A,A,1,TRUE,A230T
ternatum,249,E,E,0.994,TRUE,E249D
ternatum,251,M,M,1,TRUE,M251I
ternatum,255,V,V,1,TRUE,V255I
ternatum,262,V,V,1,TRUE,V262A/T
ternatum,279,T,T,1,TRUE,T279S
ternatum,309,M,M,1,TRUE,M309I
ternatum,317,A,A,1,TRUE,A317G
ternatum,328,A,A,1,TRUE,A328S/G
ternatum,340,E,E,1,TRUE,E340D
ternatum,429,Q,Q,1,TRUE,Q429K
ternatum,449,C,C,1,TRUE,C449S/A
ternatum,461,V,V,1,TRUE,V461I
ternatum,472,M,M,1,TRUE,M472V
ternatum,475,I,L,0.997,FALSE,L475I
subalpinum,76,S,S,1,TRUE,S76N
subalpinum,95,S,S,1,TRUE,S95T
subalpinum,157,V,V,1,TRUE,V157S
subalpinum,219,L,L,1,TRUE,L219C/V
subalpinum,225,L,I,0.987,FALSE,I225L
subalpinum,226,Y,Y,1,TRUE,Y226F
subalpinum,230,A,A,1,TRUE,A230T
subalpinum,249,E,E,0.994,TRUE,E249D
subalpinum,251,I,M,1,FALSE,M251I
subalpinum,255,V,V,1,TRUE,V255I
subalpinum,262,V,V,1,TRUE,V262A/T
subalpinum,279,T,T,1,TRUE,T279S
subalpinum,309,M,M,1,TRUE,M309I
subalpinum,317,A,A,1,TRUE,A317G
subalpinum,328,S,A,1,FALSE,A328S/G
subalpinum,340,E,E,1,TRUE,E340D
subalpinum,429,Q,Q,1,TRUE,Q429K
subalpinum,449,C,C,1,TRUE,C449S/A
subalpinum,461,V,V,1,TRUE,V461I
subalpinum,472,M,M,1,TRUE,M472V
subalpinum,475,L,L,0.997,TRUE,L475I
hebanthum,76,S,S,1,TRUE,S76N
hebanthum,95,T,S,1,FALSE,S95T
hebanthum,157,V,V,1,TRUE,V157S
hebanthum,219,L,L,1,TRUE,L219C/V
hebanthum,225,I,I,0.987,TRUE,I225L
hebanthum,226,Y,Y,1,TRUE,Y226F
hebanthum,230,A,A,1,TRUE,A230T
hebanthum,249,D,E,0.994,FALSE,E249D
hebanthum,251,M,M,1,TRUE,M251I
hebanthum,255,V,V,1,TRUE,V255I
hebanthum,262,V,V,1,TRUE,V262A/T
hebanthum,279,T,T,1,TRUE,T279S
hebanthum,309,M,M,1,TRUE,M309I
hebanthum,317,A,A,1,TRUE,A317G
hebanthum,328,A,A,1,TRUE,A328S/G
hebanthum,340,D,E,1,FALSE,E340D
hebanthum,429,Q,Q,1,TRUE,Q429K
hebanthum,449,C,C,1,TRUE,C449S/A
hebanthum,461,V,V,1,TRUE,V461I
hebanthum,472,M,M,1,TRUE,M472V
hebanthum,475,I,L,0.997,FALSE,L475I
utile,76,S,S,1,TRUE,S76N
utile,95,S,S,1,TRUE,S95T
utile,157,V,V,1,TRUE,V157S
utile,219,L,L,1,TRUE,L219C/V
utile,225,I,I,0.987,TRUE,I225L
utile,226,Y,Y,1,TRUE,Y226F
utile,230,A,A,1,TRUE,A230T
utile,249,D,E,0.994,FALSE,E249D
utile,251,M,M,1,TRUE,M251I
utile,255,V,V,1,TRUE,V255I
utile,262,V,V,1,TRUE,V262A/T
utile,279,T,T,1,TRUE,T279S
utile,309,M,M,1,TRUE,M309I
utile,317,A,A,1,TRUE,A317G
utile,328,A,A,1,TRUE,A328S/G
utile,340,E,E,1,TRUE,E340D
utile,429,Q,Q,1,TRUE,Q429K
utile,449,C,C,1,TRUE,C449S/A
utile,461,V,V,1,TRUE,V461I
utile,472,M,M,1,TRUE,M472V
utile,475,L,L,0.997,TRUE,L475I
taiwanianu,76,S,S,1,TRUE,S76N
taiwanianu,95,S,S,1,TRUE,S95T
taiwanianu,157,V,V,1,TRUE,V157S
taiwanianu,219,L,L,1,TRUE,L219C/V
taiwanianu,225,L,I,0.987,FALSE,I225L
taiwanianu,226,Y,Y,1,TRUE,Y226F
taiwanianu,230,T,A,1,FALSE,A230T
taiwanianu,249,D,E,0.994,FALSE,E249D
taiwanianu,251,M,M,1,TRUE,M251I
taiwanianu,255,I,V,1,FALSE,V255I
taiwanianu,262,V,V,1,TRUE,V262A/T
taiwanianu,279,T,T,1,TRUE,T279S
taiwanianu,309,M,M,1,TRUE,M309I
taiwanianu,317,A,A,1,TRUE,A317G
taiwanianu,328,A,A,1,TRUE,A328S/G
taiwanianu,340,E,E,1,TRUE,E340D
taiwanianu,429,Q,Q,1,TRUE,Q429K
taiwanianu,449,S,C,1,FALSE,C449S/A
taiwanianu,461,V,V,1,TRUE,V461I
taiwanianu,472,M,M,1,TRUE,M472V
taiwanianu,475,L,L,0.997,TRUE,L475I
rufidulum,76,S,S,1,TRUE,S76N
rufidulum,95,S,S,1,TRUE,S95T
rufidulum,157,V,V,1,TRUE,V157S
rufidulum,219,L,L,1,TRUE,L219C/V
rufidulum,225,I,I,0.987,TRUE,I225L
rufidulum,226,Y,Y,1,TRUE,Y226F
rufidulum,230,A,A,1,TRUE,A230T
rufidulum,249,D,E,0.994,FALSE,E249D
rufidulum,251,M,M,1,TRUE,M251I
rufidulum,255,V,V,1,TRUE,V255I
rufidulum,262,V,V,1,TRUE,V262A/T
rufidulum,279,T,T,1,TRUE,T279S
rufidulum,309,M,M,1,TRUE,M309I
rufidulum,317,A,A,1,TRUE,A317G
rufidulum,328,A,A,1,TRUE,A328S/G
rufidulum,340,E,E,1,TRUE,E340D
rufidulum,429,Q,Q,1,TRUE,Q429K
rufidulum,449,S,C,1,FALSE,C449S/A
rufidulum,461,V,V,1,TRUE,V461I
rufidulum,472,M,M,1,TRUE,M472V
rufidulum,475,L,L,0.997,TRUE,L475I
lepidotulu,76,S,S,1,TRUE,S76N
lepidotulu,95,S,S,1,TRUE,S95T
lepidotulu,157,V,V,1,TRUE,V157S
lepidotulu,219,V,L,1,FALSE,L219C/V
lepidotulu,225,I,I,0.987,TRUE,I225L
lepidotulu,226,Y,Y,1,TRUE,Y226F
lepidotulu,230,A,A,1,TRUE,A230T
lepidotulu,249,E,E,0.994,TRUE,E249D
lepidotulu,251,M,M,1,TRUE,M251I
lepidotulu,255,I,V,1,FALSE,V255I
lepidotulu,262,V,V,1,TRUE,V262A/T
lepidotulu,279,T,T,1,TRUE,T279S
lepidotulu,309,M,M,1,TRUE,M309I
lepidotulu,317,G,A,1,FALSE,A317G
lepidotulu,328,A,A,1,TRUE,A328S/G
lepidotulu,340,E,E,1,TRUE,E340D
lepidotulu,429,Q,Q,1,TRUE,Q429K
lepidotulu,449,C,C,1,TRUE,C449S/A
lepidotulu,461,V,V,1,TRUE,V461I
lepidotulu,472,V,M,1,FALSE,M472V
lepidotulu,475,-,L,0.997,NA,L475I
disjunctum,76,S,S,1,TRUE,S76N
disjunctum,95,S,S,1,TRUE,S95T
disjunctum,157,V,V,1,TRUE,V157S
disjunctum,219,C,L,1,FALSE,L219C/V
disjunctum,225,L,I,0.987,FALSE,I225L
disjunctum,226,Y,Y,1,TRUE,Y226F
disjunctum,230,A,A,1,TRUE,A230T
disjunctum,249,D,E,0.994,FALSE,E249D
disjunctum,251,M,M,1,TRUE,M251I
disjunctum,255,V,V,1,TRUE,V255I
disjunctum,262,T,V,1,FALSE,V262A/T
disjunctum,279,T,T,1,TRUE,T279S
disjunctum,309,M,M,1,TRUE,M309I
disjunctum,317,A,A,1,TRUE,A317G
disjunctum,328,A,A,1,TRUE,A328S/G
disjunctum,340,E,E,1,TRUE,E340D
disjunctum,429,Q,Q,1,TRUE,Q429K
disjunctum,449,S,C,1,FALSE,C449S/A
disjunctum,461,V,V,1,TRUE,V461I
disjunctum,472,M,M,1,TRUE,M472V
disjunctum,475,-,L,0.997,NA,L475I
hallii,76,N,S,1,FALSE,S76N
hallii,95,S,S,1,TRUE,S95T
hallii,157,V,V,1,TRUE,V157S
hallii,219,-,L,1,NA,L219C/V
hallii,225,-,I,0.987,NA,I225L
hallii,226,-,Y,1,NA,Y226F
hallii,230,-,A,1,NA,A230T
hallii,249,-,E,0.994,NA,E249D
hallii,251,-,M,1,NA,M251I
hallii,255,-,V,1,NA,V255I
hallii,262,-,V,1,NA,V262A/T
hallii,279,-,T,1,NA,T279S
hallii,309,-,M,1,NA,M309I
hallii,317,-,A,1,NA,A317G
hallii,328,-,A,1,NA,A328S/G
hallii,340,-,E,1,NA,E340D
hallii,429,-,Q,1,NA,Q429K
hallii,449,-,C,1,NA,C449S/A
hallii,461,-,V,1,NA,V461I
hallii,472,-,M,1,NA,M472V
hallii,475,-,L,0.997,NA,L475I
triphyllum,76,N,S,1,FALSE,S76N
triphyllum,95,S,S,1,TRUE,S95T
triphyllum,157,V,V,1,TRUE,V157S
triphyllum,219,C,L,1,FALSE,L219C/V
triphyllum,225,L,I,0.987,FALSE,I225L
triphyllum,226,Y,Y,1,TRUE,Y226F
triphyllum,230,A,A,1,TRUE,A230T
triphyllum,249,D,E,0.994,FALSE,E249D
triphyllum,251,M,M,1,TRUE,M251I
triphyllum,255,V,V,1,TRUE,V255I
triphyllum,262,V,V,1,TRUE,V262A/T
triphyllum,279,T,T,1,TRUE,T279S
triphyllum,309,M,M,1,TRUE,M309I
triphyllum,317,A,A,1,TRUE,A317G
triphyllum,328,A,A,1,TRUE,A328S/G
triphyllum,340,E,E,1,TRUE,E340D
triphyllum,429,Q,Q,1,TRUE,Q429K
triphyllum,449,S,C,1,FALSE,C449S/A
triphyllum,461,V,V,1,TRUE,V461I
triphyllum,472,M,M,1,TRUE,M472V
triphyllum,475,L,L,0.997,TRUE,L475I
grandiflor,76,S,S,1,TRUE,S76N
grandiflor,95,S,S,1,TRUE,S95T
grandiflor,157,V,V,1,TRUE,V157S
grandiflor,219,L,L,1,TRUE,L219C/V
grandiflor,225,I,I,0.987,TRUE,I225L
grandiflor,226,Y,Y,1,TRUE,Y226F
grandiflor,230,A,A,1,TRUE,A230T
grandiflor,249,E,E,0.994,TRUE,E249D
grandiflor,251,I,M,1,FALSE,M251I
grandiflor,255,V,V,1,TRUE,V255I
grandiflor,262,V,V,1,TRUE,V262A/T
grandiflor,279,S,T,1,FALSE,T279S
grandiflor,309,I,M,1,FALSE,M309I
grandiflor,317,A,A,1,TRUE,A317G
grandiflor,328,S,A,1,FALSE,A328S/G
grandiflor,340,E,E,1,TRUE,E340D
grandiflor,429,Q,Q,1,TRUE,Q429K
grandiflor,449,C,C,1,TRUE,C449S/A
grandiflor,461,V,V,1,TRUE,V461I
grandiflor,472,M,M,1,TRUE,M472V
grandiflor,475,-,L,0.997,NA,L475I
buddleifol,76,S,S,1,TRUE,S76N
buddleifol,95,S,S,1,TRUE,S95T
buddleifol,157,V,V,1,TRUE,V157S
buddleifol,219,L,L,1,TRUE,L219C/V
buddleifol,225,L,I,0.987,FALSE,I225L
buddleifol,226,Y,Y,1,TRUE,Y226F
buddleifol,230,A,A,1,TRUE,A230T
buddleifol,249,D,E,0.994,FALSE,E249D
buddleifol,251,M,M,1,TRUE,M251I
buddleifol,255,V,V,1,TRUE,V255I
buddleifol,262,V,V,1,TRUE,V262A/T
buddleifol,279,T,T,1,TRUE,T279S
buddleifol,309,M,M,1,TRUE,M309I
buddleifol,317,A,A,1,TRUE,A317G
buddleifol,328,A,A,1,TRUE,A328S/G
buddleifol,340,E,E,1,TRUE,E340D
buddleifol,429,Q,Q,1,TRUE,Q429K
buddleifol,449,C,C,1,TRUE,C449S/A
buddleifol,461,V,V,1,TRUE,V461I
buddleifol,472,M,M,1,TRUE,M472V
buddleifol,475,L,L,0.997,TRUE,L475I
awabuki,76,S,S,1,TRUE,S76N
awabuki,95,S,S,1,TRUE,S95T
awabuki,157,V,V,1,TRUE,V157S
awabuki,219,L,L,1,TRUE,L219C/V
awabuki,225,L,I,0.987,FALSE,I225L
awabuki,226,Y,Y,1,TRUE,Y226F
awabuki,230,T,A,1,FALSE,A230T
awabuki,249,E,E,0.994,TRUE,E249D
awabuki,251,I,M,1,FALSE,M251I
awabuki,255,V,V,1,TRUE,V255I
awabuki,262,V,V,1,TRUE,V262A/T
awabuki,279,S,T,1,FALSE,T279S
awabuki,309,M,M,1,TRUE,M309I
awabuki,317,A,A,1,TRUE,A317G
awabuki,328,A,A,1,TRUE,A328S/G
awabuki,340,E,E,1,TRUE,E340D
awabuki,429,K,Q,1,FALSE,Q429K
awabuki,449,S,C,1,FALSE,C449S/A
awabuki,461,V,V,1,TRUE,V461I
awabuki,472,M,M,1,TRUE,M472V
awabuki,475,-,L,0.997,NA,L475I
edule,76,S,S,1,TRUE,S76N
edule,95,S,S,1,TRUE,S95T
edule,157,V,V,1,TRUE,V157S
edule,219,L,L,1,TRUE,L219C/V
edule,225,I,I,0.987,TRUE,I225L
edule,226,Y,Y,1,TRUE,Y226F
edule,230,A,A,1,TRUE,A230T
edule,249,E,E,0.994,TRUE,E249D
edule,251,M,M,1,TRUE,M251I
edule,255,V,V,1,TRUE,V255I
edule,262,V,V,1,TRUE,V262A/T
edule,279,T,T,1,TRUE,T279S
edule,309,I,M,1,FALSE,M309I
edule,317,A,A,1,TRUE,A317G
edule,328,A,A,1,TRUE,A328S/G
edule,340,E,E,1,TRUE,E340D
edule,429,Q,Q,1,TRUE,Q429K
edule,449,C,C,1,TRUE,C449S/A
edule,461,V,V,1,TRUE,V461I
edule,472,M,M,1,TRUE,M472V
edule,475,I,L,0.997,FALSE,L475I
erosum,76,S,S,1,TRUE,S76N
erosum,95,T,S,1,FALSE,S95T
erosum,157,S,V,1,FALSE,V157S
erosum,219,L,L,1,TRUE,L219C/V
erosum,225,L,I,0.987,FALSE,I225L
erosum,226,F,Y,1,FALSE,Y226F
erosum,230,A,A,1,TRUE,A230T
erosum,249,E,E,0.994,TRUE,E249D
erosum,251,M,M,1,TRUE,M251I
erosum,255,I,V,1,FALSE,V255I
erosum,262,A,V,1,FALSE,V262A/T
erosum,279,T,T,1,TRUE,T279S
erosum,309,M,M,1,TRUE,M309I
erosum,317,G,A,1,FALSE,A317G
erosum,328,A,A,1,TRUE,A328S/G
erosum,340,D,E,1,FALSE,E340D
erosum,429,Q,Q,1,TRUE,Q429K
erosum,449,S,C,1,FALSE,C449S/A
erosum,461,V,V,1,TRUE,V461I
erosum,472,V,M,1,FALSE,M472V
erosum,475,I,L,0.997,FALSE,L475I
venustum,76,S,S,1,TRUE,S76N
venustum,95,S,S,1,TRUE,S95T
venustum,157,V,V,1,TRUE,V157S
venustum,219,-,L,1,NA,L219C/V
venustum,225,-,I,0.987,NA,I225L
venustum,226,-,Y,1,NA,Y226F
venustum,230,-,A,1,NA,A230T
venustum,249,-,E,0.994,NA,E249D
venustum,251,-,M,1,NA,M251I
venustum,255,-,V,1,NA,V255I
venustum,262,-,V,1,NA,V262A/T
venustum,279,-,T,1,NA,T279S
venustum,309,-,M,1,NA,M309I
venustum,317,-,A,1,NA,A317G
venustum,328,-,A,1,NA,A328S/G
venustum,340,-,E,1,NA,E340D
venustum,429,-,Q,1,NA,Q429K
venustum,449,-,C,1,NA,C449S/A
venustum,461,-,V,1,NA,V461I
venustum,472,-,M,1,NA,M472V
venustum,475,-,L,0.997,NA,L475I
microcarpu,76,N,S,1,FALSE,S76N
microcarpu,95,S,S,1,TRUE,S95T
microcarpu,157,V,V,1,TRUE,V157S
microcarpu,219,-,L,1,NA,L219C/V
microcarpu,225,-,I,0.987,NA,I225L
microcarpu,226,-,Y,1,NA,Y226F
microcarpu,230,-,A,1,NA,A230T
microcarpu,249,-,E,0.994,NA,E249D
microcarpu,251,-,M,1,NA,M251I
microcarpu,255,-,V,1,NA,V255I
microcarpu,262,-,V,1,NA,V262A/T
microcarpu,279,-,T,1,NA,T279S
microcarpu,309,-,M,1,NA,M309I
microcarpu,317,-,A,1,NA,A317G
microcarpu,328,-,A,1,NA,A328S/G
microcarpu,340,-,E,1,NA,E340D
microcarpu,429,-,Q,1,NA,Q429K
microcarpu,449,-,C,1,NA,C449S/A
microcarpu,461,-,V,1,NA,V461I
microcarpu,472,-,M,1,NA,M472V
microcarpu,475,-,L,0.997,NA,L475I
taitoense,76,S,S,1,TRUE,S76N
taitoense,95,S,S,1,TRUE,S95T
taitoense,157,V,V,1,TRUE,V157S
taitoense,219,L,L,1,TRUE,L219C/V
taitoense,225,L,I,0.987,FALSE,I225L
taitoense,226,Y,Y,1,TRUE,Y226F
taitoense,230,A,A,1,TRUE,A230T
taitoense,249,E,E,0.994,TRUE,E249D
taitoense,251,M,M,1,TRUE,M251I
taitoense,255,V,V,1,TRUE,V255I
taitoense,262,V,V,1,TRUE,V262A/T
taitoense,279,T,T,1,TRUE,T279S
taitoense,309,M,M,1,TRUE,M309I
taitoense,317,A,A,1,TRUE,A317G
taitoense,328,A,A,1,TRUE,A328S/G
taitoense,340,E,E,1,TRUE,E340D
taitoense,429,Q,Q,1,TRUE,Q429K
taitoense,449,C,C,1,TRUE,C449S/A
taitoense,461,V,V,1,TRUE,V461I
taitoense,472,M,M,1,TRUE,M472V
taitoense,475,-,L,0.997,NA,L475I
sambucinum,76,S,S,1,TRUE,S76N
sambucinum,95,S,S,1,TRUE,S95T
sambucinum,157,V,V,1,TRUE,V157S
sambucinum,219,V,L,1,FALSE,L219C/V
sambucinum,225,I,I,0.987,TRUE,I225L
sambucinum,226,Y,Y,1,TRUE,Y226F
sambucinum,230,A,A,1,TRUE,A230T
sambucinum,249,D,E,0.994,FALSE,E249D
sambucinum,251,M,M,1,TRUE,M251I
sambucinum,255,V,V,1,TRUE,V255I
sambucinum,262,V,V,1,TRUE,V262A/T
sambucinum,279,T,T,1,TRUE,T279S
sambucinum,309,M,M,1,TRUE,M309I
sambucinum,317,A,A,1,TRUE,A317G
sambucinum,328,A,A,1,TRUE,A328S/G
sambucinum,340,D,E,1,FALSE,E340D
sambucinum,429,Q,Q,1,TRUE,Q429K
sambucinum,449,C,C,1,TRUE,C449S/A
sambucinum,461,V,V,1,TRUE,V461I
sambucinum,472,M,M,1,TRUE,M472V
sambucinum,475,I,L,0.997,FALSE,L475I
davidii,76,S,S,1,TRUE,S76N
davidii,95,S,S,1,TRUE,S95T
davidii,157,V,V,1,TRUE,V157S
davidii,219,L,L,1,TRUE,L219C/V
davidii,225,I,I,0.987,TRUE,I225L
davidii,226,Y,Y,1,TRUE,Y226F
davidii,230,A,A,1,TRUE,A230T
davidii,249,D,E,0.994,FALSE,E249D
davidii,251,M,M,1,TRUE,M251I
davidii,255,V,V,1,TRUE,V255I
davidii,262,V,V,1,TRUE,V262A/T
davidii,279,T,T,1,TRUE,T279S
davidii,309,M,M,1,TRUE,M309I
davidii,317,A,A,1,TRUE,A317G
davidii,328,A,A,1,TRUE,A328S/G
davidii,340,E,E,1,TRUE,E340D
davidii,429,Q,Q,1,TRUE,Q429K
davidii,449,C,C,1,TRUE,C449S/A
davidii,461,V,V,1,TRUE,V461I
davidii,472,M,M,1,TRUE,M472V
davidii,475,-,L,0.997,NA,L475I
acutifoliu,76,N,S,1,FALSE,S76N
acutifoliu,95,S,S,1,TRUE,S95T
acutifoliu,157,V,V,1,TRUE,V157S
acutifoliu,219,C,L,1,FALSE,L219C/V
acutifoliu,225,L,I,0.987,FALSE,I225L
acutifoliu,226,Y,Y,1,TRUE,Y226F
acutifoliu,230,A,A,1,TRUE,A230T
acutifoliu,249,D,E,0.994,FALSE,E249D
acutifoliu,251,M,M,1,TRUE,M251I
acutifoliu,255,V,V,1,TRUE,V255I
acutifoliu,262,V,V,1,TRUE,V262A/T
acutifoliu,279,T,T,1,TRUE,T279S
acutifoliu,309,-,M,1,NA,M309I
acutifoliu,317,-,A,1,NA,A317G
acutifoliu,328,-,A,1,NA,A328S/G
acutifoliu,340,-,E,1,NA,E340D
acutifoliu,429,-,Q,1,NA,Q429K
acutifoliu,449,-,C,1,NA,C449S/A
acutifoliu,461,-,V,1,NA,V461I
acutifoliu,472,-,M,1,NA,M472V
acutifoliu,475,-,L,0.997,NA,L475I
leiocarpum,76,S,S,1,TRUE,S76N
leiocarpum,95,S,S,1,TRUE,S95T
leiocarpum,157,V,V,1,TRUE,V157S
leiocarpum,219,V,L,1,FALSE,L219C/V
leiocarpum,225,I,I,0.987,TRUE,I225L
leiocarpum,226,Y,Y,1,TRUE,Y226F
leiocarpum,230,A,A,1,TRUE,A230T
leiocarpum,249,D,E,0.994,FALSE,E249D
leiocarpum,251,M,M,1,TRUE,M251I
leiocarpum,255,V,V,1,TRUE,V255I
leiocarpum,262,V,V,1,TRUE,V262A/T
leiocarpum,279,T,T,1,TRUE,T279S
leiocarpum,309,M,M,1,TRUE,M309I
leiocarpum,317,A,A,1,TRUE,A317G
leiocarpum,328,A,A,1,TRUE,A328S/G
leiocarpum,340,D,E,1,FALSE,E340D
leiocarpum,429,Q,Q,1,TRUE,Q429K
leiocarpum,449,C,C,1,TRUE,C449S/A
leiocarpum,461,V,V,1,TRUE,V461I
leiocarpum,472,M,M,1,TRUE,M472V
leiocarpum,475,I,L,0.997,FALSE,L475I
furcatum,76,N,S,1,FALSE,S76N
furcatum,95,S,S,1,TRUE,S95T
furcatum,157,V,V,1,TRUE,V157S
furcatum,219,L,L,1,TRUE,L219C/V
furcatum,225,L,I,0.987,FALSE,I225L
furcatum,226,Y,Y,1,TRUE,Y226F
furcatum,230,A,A,1,TRUE,A230T
furcatum,249,D,E,0.994,FALSE,E249D
furcatum,251,M,M,1,TRUE,M251I
furcatum,255,V,V,1,TRUE,V255I
furcatum,262,V,V,1,TRUE,V262A/T
furcatum,279,T,T,1,TRUE,T279S
furcatum,309,M,M,1,TRUE,M309I
furcatum,317,A,A,1,TRUE,A317G
furcatum,328,A,A,1,TRUE,A328S/G
furcatum,340,E,E,1,TRUE,E340D
furcatum,429,Q,Q,1,TRUE,Q429K
furcatum,449,C,C,1,TRUE,C449S/A
furcatum,461,V,V,1,TRUE,V461I
furcatum,472,-,M,1,NA,M472V
furcatum,475,-,L,0.997,NA,L475I
schensianu,76,S,S,1,TRUE,S76N
schensianu,95,S,S,1,TRUE,S95T
schensianu,157,V,V,1,TRUE,V157S
schensianu,219,L,L,1,TRUE,L219C/V
schensianu,225,I,I,0.987,TRUE,I225L
schensianu,226,Y,Y,1,TRUE,Y226F
schensianu,230,A,A,1,TRUE,A230T
schensianu,249,D,E,0.994,FALSE,E249D
schensianu,251,M,M,1,TRUE,M251I
schensianu,255,V,V,1,TRUE,V255I
schensianu,262,V,V,1,TRUE,V262A/T
schensianu,279,T,T,1,TRUE,T279S
schensianu,309,M,M,1,TRUE,M309I
schensianu,317,A,A,1,TRUE,A317G
schensianu,328,A,A,1,TRUE,A328S/G
schensianu,340,E,E,1,TRUE,E340D
schensianu,429,Q,Q,1,TRUE,Q429K
schensianu,449,C,C,1,TRUE,C449S/A
schensianu,461,V,V,1,TRUE,V461I
schensianu,472,M,M,1,TRUE,M472V
schensianu,475,L,L,0.997,TRUE,L475I
tinus,76,S,S,1,TRUE,S76N
tinus,95,S,S,1,TRUE,S95T
tinus,157,V,V,1,TRUE,V157S
tinus,219,L,L,1,TRUE,L219C/V
tinus,225,I,I,0.987,TRUE,I225L
tinus,226,Y,Y,1,TRUE,Y226F
tinus,230,A,A,1,TRUE,A230T
tinus,249,E,E,0.994,TRUE,E249D
tinus,251,M,M,1,TRUE,M251I
tinus,255,V,V,1,TRUE,V255I
tinus,262,A,V,1,FALSE,V262A/T
tinus,279,S,T,1,FALSE,T279S
tinus,309,M,M,1,TRUE,M309I
tinus,317,G,A,1,FALSE,A317G
tinus,328,A,A,1,TRUE,A328S/G
tinus,340,E,E,1,TRUE,E340D
tinus,429,Q,Q,1,TRUE,Q429K
tinus,449,C,C,1,TRUE,C449S/A
tinus,461,I,V,1,FALSE,V461I
tinus,472,M,M,1,TRUE,M472V
tinus,475,L,L,0.997,TRUE,L475I
wrightii,76,S,S,1,TRUE,S76N
wrightii,95,T,S,1,FALSE,S95T
wrightii,157,V,V,1,TRUE,V157S
wrightii,219,L,L,1,TRUE,L219C/V
wrightii,225,L,I,0.987,FALSE,I225L
wrightii,226,F,Y,1,FALSE,Y226F
wrightii,230,A,A,1,TRUE,A230T
wrightii,249,E,E,0.994,TRUE,E249D
wrightii,251,M,M,1,TRUE,M251I
wrightii,255,I,V,1,FALSE,V255I
wrightii,262,A,V,1,FALSE,V262A/T
wrightii,279,T,T,1,TRUE,T279S
wrightii,309,M,M,1,TRUE,M309I
wrightii,317,G,A,1,FALSE,A317G
wrightii,328,A,A,1,TRUE,A328S/G
wrightii,340,D,E,1,FALSE,E340D
wrightii,429,Q,Q,1,TRUE,Q429K
wrightii,449,S,C,1,FALSE,C449S/A
wrightii,461,V,V,1,TRUE,V461I
wrightii,472,V,M,1,FALSE,M472V
wrightii,475,I,L,0.997,FALSE,L475I
trilobum,76,S,S,1,TRUE,S76N
trilobum,95,S,S,1,TRUE,S95T
trilobum,157,V,V,1,TRUE,V157S
trilobum,219,L,L,1,TRUE,L219C/V
trilobum,225,I,I,0.987,TRUE,I225L
trilobum,226,F,Y,1,FALSE,Y226F
trilobum,230,A,A,1,TRUE,A230T
trilobum,249,E,E,0.994,TRUE,E249D
trilobum,251,I,M,1,FALSE,M251I
trilobum,255,V,V,1,TRUE,V255I
trilobum,262,V,V,1,TRUE,V262A/T
trilobum,279,S,T,1,FALSE,T279S
trilobum,309,I,M,1,FALSE,M309I
trilobum,317,A,A,1,TRUE,A317G
trilobum,328,A,A,1,TRUE,A328S/G
trilobum,340,D,E,1,FALSE,E340D
trilobum,429,Q,Q,1,TRUE,Q429K
trilobum,449,S,C,1,FALSE,C449S/A
trilobum,461,V,V,1,TRUE,V461I
trilobum,472,M,M,1,TRUE,M472V
trilobum,475,I,L,0.997,FALSE,L475I
treleasei,76,S,S,1,TRUE,S76N
treleasei,95,S,S,1,TRUE,S95T
treleasei,157,V,V,1,TRUE,V157S
treleasei,219,L,L,1,TRUE,L219C/V
treleasei,225,I,I,0.987,TRUE,I225L
treleasei,226,F,Y,1,FALSE,Y226F
treleasei,230,A,A,1,TRUE,A230T
treleasei,249,-,E,0.994,NA,E249D
treleasei,251,-,M,1,NA,M251I
treleasei,255,-,V,1,NA,V255I
treleasei,262,-,V,1,NA,V262A/T
treleasei,279,-,T,1,NA,T279S
treleasei,309,-,M,1,NA,M309I
treleasei,317,-,A,1,NA,A317G
treleasei,328,-,A,1,NA,A328S/G
treleasei,340,-,E,1,NA,E340D
treleasei,429,-,Q,1,NA,Q429K
treleasei,449,-,C,1,NA,C449S/A
treleasei,461,-,V,1,NA,V461I
treleasei,472,-,M,1,NA,M472V
treleasei,475,-,L,0.997,NA,L475I
sympodiale,76,N,S,1,FALSE,S76N
sympodiale,95,S,S,1,TRUE,S95T
sympodiale,157,V,V,1,TRUE,V157S
sympodiale,219,L,L,1,TRUE,L219C/V
sympodiale,225,L,I,0.987,FALSE,I225L
sympodiale,226,Y,Y,1,TRUE,Y226F
sympodiale,230,A,A,1,TRUE,A230T
sympodiale,249,D,E,0.994,FALSE,E249D
sympodiale,251,M,M,1,TRUE,M251I
sympodiale,255,V,V,1,TRUE,V255I
sympodiale,262,V,V,1,TRUE,V262A/T
sympodiale,279,T,T,1,TRUE,T279S
sympodiale,309,-,M,1,NA,M309I
sympodiale,317,-,A,1,NA,A317G
sympodiale,328,-,A,1,NA,A328S/G
sympodiale,340,-,E,1,NA,E340D
sympodiale,429,-,Q,1,NA,Q429K
sympodiale,449,-,C,1,NA,C449S/A
sympodiale,461,-,V,1,NA,V461I
sympodiale,472,-,M,1,NA,M472V
sympodiale,475,-,L,0.997,NA,L475I
anamensis,76,S,S,1,TRUE,S76N
anamensis,95,T,S,1,FALSE,S95T
anamensis,157,S,V,1,FALSE,V157S
anamensis,219,L,L,1,TRUE,L219C/V
anamensis,225,L,I,0.987,FALSE,I225L
anamensis,226,F,Y,1,FALSE,Y226F
anamensis,230,A,A,1,TRUE,A230T
anamensis,249,E,E,0.994,TRUE,E249D
anamensis,251,M,M,1,TRUE,M251I
anamensis,255,V,V,1,TRUE,V255I
anamensis,262,A,V,1,FALSE,V262A/T
anamensis,279,T,T,1,TRUE,T279S
anamensis,309,M,M,1,TRUE,M309I
anamensis,317,G,A,1,FALSE,A317G
anamensis,328,A,A,1,TRUE,A328S/G
anamensis,340,D,E,1,FALSE,E340D
anamensis,429,Q,Q,1,TRUE,Q429K
anamensis,449,S,C,1,FALSE,C449S/A
anamensis,461,V,V,1,TRUE,V461I
anamensis,472,V,M,1,FALSE,M472V
anamensis,475,I,L,0.997,FALSE,L475I
odoratissi,76,S,S,1,TRUE,S76N
odoratissi,95,S,S,1,TRUE,S95T
odoratissi,157,V,V,1,TRUE,V157S
odoratissi,219,L,L,1,TRUE,L219C/V
odoratissi,225,L,I,0.987,FALSE,I225L
odoratissi,226,Y,Y,1,TRUE,Y226F
odoratissi,230,T,A,1,FALSE,A230T
odoratissi,249,E,E,0.994,TRUE,E249D
odoratissi,251,I,M,1,FALSE,M251I
odoratissi,255,V,V,1,TRUE,V255I
odoratissi,262,V,V,1,TRUE,V262A/T
odoratissi,279,S,T,1,FALSE,T279S
odoratissi,309,M,M,1,TRUE,M309I
odoratissi,317,A,A,1,TRUE,A317G
odoratissi,328,A,A,1,TRUE,A328S/G
odoratissi,340,E,E,1,TRUE,E340D
odoratissi,429,K,Q,1,FALSE,Q429K
odoratissi,449,S,C,1,FALSE,C449S/A
odoratissi,461,V,V,1,TRUE,V461I
odoratissi,472,M,M,1,TRUE,M472V
odoratissi,475,I,L,0.997,FALSE,L475I
coriaceum,76,S,S,1,TRUE,S76N
coriaceum,95,T,S,1,FALSE,S95T
coriaceum,157,V,V,1,TRUE,V157S
coriaceum,219,L,L,1,TRUE,L219C/V
coriaceum,225,I,I,0.987,TRUE,I225L
coriaceum,226,Y,Y,1,TRUE,Y226F
coriaceum,230,A,A,1,TRUE,A230T
coriaceum,249,D,E,0.994,FALSE,E249D
coriaceum,251,M,M,1,TRUE,M251I
coriaceum,255,V,V,1,TRUE,V255I
coriaceum,262,V,V,1,TRUE,V262A/T
coriaceum,279,T,T,1,TRUE,T279S
coriaceum,309,M,M,1,TRUE,M309I
coriaceum,317,A,A,1,TRUE,A317G
coriaceum,328,A,A,1,TRUE,A328S/G
coriaceum,340,D,E,1,FALSE,E340D
coriaceum,429,Q,Q,1,TRUE,Q429K
coriaceum,449,C,C,1,TRUE,C449S/A
coriaceum,461,V,V,1,TRUE,V461I
coriaceum,472,M,M,1,TRUE,M472V
coriaceum,475,I,L,0.997,FALSE,L475I
bitchiuens,76,S,S,1,TRUE,S76N
bitchiuens,95,T,S,1,FALSE,S95T
bitchiuens,157,V,V,1,TRUE,V157S
bitchiuens,219,L,L,1,TRUE,L219C/V
bitchiuens,225,I,I,0.987,TRUE,I225L
bitchiuens,226,Y,Y,1,TRUE,Y226F
bitchiuens,230,A,A,1,TRUE,A230T
bitchiuens,249,D,E,0.994,FALSE,E249D
bitchiuens,251,M,M,1,TRUE,M251I
bitchiuens,255,V,V,1,TRUE,V255I
bitchiuens,262,V,V,1,TRUE,V262A/T
bitchiuens,279,T,T,1,TRUE,T279S
bitchiuens,309,M,M,1,TRUE,M309I
bitchiuens,317,A,A,1,TRUE,A317G
bitchiuens,328,A,A,1,TRUE,A328S/G
bitchiuens,340,E,E,1,TRUE,E340D
bitchiuens,429,Q,Q,1,TRUE,Q429K
bitchiuens,449,C,C,1,TRUE,C449S/A
bitchiuens,461,V,V,1,TRUE,V461I
bitchiuens,472,M,M,1,TRUE,M472V
bitchiuens,475,L,L,0.997,TRUE,L475I
propinquum,76,S,S,1,TRUE,S76N
propinquum,95,S,S,1,TRUE,S95T
propinquum,157,V,V,1,TRUE,V157S
propinquum,219,L,L,1,TRUE,L219C/V
propinquum,225,L,I,0.987,FALSE,I225L
propinquum,226,Y,Y,1,TRUE,Y226F
propinquum,230,A,A,1,TRUE,A230T
propinquum,249,D,E,0.994,FALSE,E249D
propinquum,251,M,M,1,TRUE,M251I
propinquum,255,V,V,1,TRUE,V255I
propinquum,262,V,V,1,TRUE,V262A/T
propinquum,279,T,T,1,TRUE,T279S
propinquum,309,M,M,1,TRUE,M309I
propinquum,317,A,A,1,TRUE,A317G
propinquum,328,A,A,1,TRUE,A328S/G
propinquum,340,E,E,1,TRUE,E340D
propinquum,429,Q,Q,1,TRUE,Q429K
propinquum,449,C,C,1,TRUE,C449S/A
propinquum,461,V,V,1,TRUE,V461I
propinquum,472,M,M,1,TRUE,M472V
propinquum,475,L,L,0.997,TRUE,L475I
adenophoru,76,S,S,1,TRUE,S76N
adenophoru,95,T,S,1,FALSE,S95T
adenophoru,157,S,V,1,FALSE,V157S
adenophoru,219,L,L,1,TRUE,L219C/V
adenophoru,225,L,I,0.987,FALSE,I225L
adenophoru,226,F,Y,1,FALSE,Y226F
adenophoru,230,A,A,1,TRUE,A230T
adenophoru,249,E,E,0.994,TRUE,E249D
adenophoru,251,M,M,1,TRUE,M251I
adenophoru,255,I,V,1,FALSE,V255I
adenophoru,262,A,V,1,FALSE,V262A/T
adenophoru,279,T,T,1,TRUE,T279S
adenophoru,309,M,M,1,TRUE,M309I
adenophoru,317,G,A,1,FALSE,A317G
adenophoru,328,A,A,1,TRUE,A328S/G
adenophoru,340,D,E,1,FALSE,E340D
adenophoru,429,Q,Q,1,TRUE,Q429K
adenophoru,449,S,C,1,FALSE,C449S/A
adenophoru,461,V,V,1,TRUE,V461I
adenophoru,472,V,M,1,FALSE,M472V
adenophoru,475,I,L,0.997,FALSE,L475I
seemenii,76,S,S,1,TRUE,S76N
seemenii,95,S,S,1,TRUE,S95T
seemenii,157,V,V,1,TRUE,V157S
seemenii,219,-,L,1,NA,L219C/V
seemenii,225,-,I,0.987,NA,I225L
seemenii,226,-,Y,1,NA,Y226F
seemenii,230,-,A,1,NA,A230T
seemenii,249,-,E,0.994,NA,E249D
seemenii,251,-,M,1,NA,M251I
seemenii,255,-,V,1,NA,V255I
seemenii,262,-,V,1,NA,V262A/T
seemenii,279,-,T,1,NA,T279S
seemenii,309,-,M,1,NA,M309I
seemenii,317,-,A,1,NA,A317G
seemenii,328,-,A,1,NA,A328S/G
seemenii,340,-,E,1,NA,E340D
seemenii,429,-,Q,1,NA,Q429K
seemenii,449,-,C,1,NA,C449S/A
seemenii,461,-,V,1,NA,V461I
seemenii,472,-,M,1,NA,M472V
seemenii,475,-,L,0.997,NA,L475I
discolor,76,N,S,1,FALSE,S76N
discolor,95,S,S,1,TRUE,S95T
discolor,157,V,V,1,TRUE,V157S
discolor,219,-,L,1,NA,L219C/V
discolor,225,-,I,0.987,NA,I225L
discolor,226,-,Y,1,NA,Y226F
discolor,230,-,A,1,NA,A230T
discolor,249,-,E,0.994,NA,E249D
discolor,251,-,M,1,NA,M251I
discolor,255,-,V,1,NA,V255I
discolor,262,-,V,1,NA,V262A/T
discolor,279,-,T,1,NA,T279S
discolor,309,-,M,1,NA,M309I
discolor,317,-,A,1,NA,A317G
discolor,328,-,A,1,NA,A328S/G
discolor,340,-,E,1,NA,E340D
discolor,429,-,Q,1,NA,Q429K
discolor,449,-,C,1,NA,C449S/A
discolor,461,-,V,1,NA,V461I
discolor,472,-,M,1,NA,M472V
discolor,475,-,L,0.997,NA,L475I
macrocepha,76,S,S,1,TRUE,S76N
macrocepha,95,S,S,1,TRUE,S95T
macrocepha,157,V,V,1,TRUE,V157S
macrocepha,219,L,L,1,TRUE,L219C/V
macrocepha,225,I,I,0.987,TRUE,I225L
macrocepha,226,Y,Y,1,TRUE,Y226F
macrocepha,230,A,A,1,TRUE,A230T
macrocepha,249,D,E,0.994,FALSE,E249D
macrocepha,251,M,M,1,TRUE,M251I
macrocepha,255,V,V,1,TRUE,V255I
macrocepha,262,V,V,1,TRUE,V262A/T
macrocepha,279,T,T,1,TRUE,T279S
macrocepha,309,M,M,1,TRUE,M309I
macrocepha,317,A,A,1,TRUE,A317G
macrocepha,328,A,A,1,TRUE,A328S/G
macrocepha,340,E,E,1,TRUE,E340D
macrocepha,429,Q,Q,1,TRUE,Q429K
macrocepha,449,C,C,1,TRUE,C449S/A
macrocepha,461,V,V,1,TRUE,V461I
macrocepha,472,M,M,1,TRUE,M472V
macrocepha,475,L,L,0.997,TRUE,L475I
formosanum,76,S,S,1,TRUE,S76N
formosanum,95,T,S,1,FALSE,S95T
formosanum,157,S,V,1,FALSE,V157S
formosanum,219,L,L,1,TRUE,L219C/V
formosanum,225,L,I,0.987,FALSE,I225L
formosanum,226,F,Y,1,FALSE,Y226F
formosanum,230,A,A,1,TRUE,A230T
formosanum,249,E,E,0.994,TRUE,E249D
formosanum,251,M,M,1,TRUE,M251I
formosanum,255,I,V,1,FALSE,V255I
formosanum,262,A,V,1,FALSE,V262A/T
formosanum,279,T,T,1,TRUE,T279S
formosanum,309,M,M,1,TRUE,M309I
formosanum,317,G,A,1,FALSE,A317G
formosanum,328,A,A,1,TRUE,A328S/G
formosanum,340,D,E,1,FALSE,E340D
formosanum,429,Q,Q,1,TRUE,Q429K
formosanum,449,S,C,1,FALSE,C449S/A
formosanum,461,V,V,1,TRUE,V461I
formosanum,472,V,M,1,FALSE,M472V
formosanum,475,-,L,0.997,NA,L475I
lobophyllu,76,S,S,1,TRUE,S76N
lobophyllu,95,T,S,1,FALSE,S95T
lobophyllu,157,V,V,1,TRUE,V157S
lobophyllu,219,L,L,1,TRUE,L219C/V
lobophyllu,225,I,I,0.987,TRUE,I225L
lobophyllu,226,Y,Y,1,TRUE,Y226F
lobophyllu,230,A,A,1,TRUE,A230T
lobophyllu,249,D,E,0.994,FALSE,E249D
lobophyllu,251,M,M,1,TRUE,M251I
lobophyllu,255,V,V,1,TRUE,V255I
lobophyllu,262,V,V,1,TRUE,V262A/T
lobophyllu,279,T,T,1,TRUE,T279S
lobophyllu,309,M,M,1,TRUE,M309I
lobophyllu,317,A,A,1,TRUE,A317G
lobophyllu,328,A,A,1,TRUE,A328S/G
lobophyllu,340,D,E,1,FALSE,E340D
lobophyllu,429,Q,Q,1,TRUE,Q429K
lobophyllu,449,C,C,1,TRUE,C449S/A
lobophyllu,461,V,V,1,TRUE,V461I
lobophyllu,472,M,M,1,TRUE,M472V
lobophyllu,475,I,L,0.997,FALSE,L475I
yunnanense,76,S,S,1,TRUE,S76N
yunnanense,95,S,S,1,TRUE,S95T
yunnanense,157,V,V,1,TRUE,V157S
yunnanense,219,L,L,1,TRUE,L219C/V
yunnanense,225,L,I,0.987,FALSE,I225L
yunnanense,226,Y,Y,1,TRUE,Y226F
yunnanense,230,A,A,1,TRUE,A230T
yunnanense,249,E,E,0.994,TRUE,E249D
yunnanense,251,M,M,1,TRUE,M251I
yunnanense,255,V,V,1,TRUE,V255I
yunnanense,262,V,V,1,TRUE,V262A/T
yunnanense,279,T,T,1,TRUE,T279S
yunnanense,309,M,M,1,TRUE,M309I
yunnanense,317,A,A,1,TRUE,A317G
yunnanense,328,A,A,1,TRUE,A328S/G
yunnanense,340,E,E,1,TRUE,E340D
yunnanense,429,K,Q,1,FALSE,Q429K
yunnanense,449,C,C,1,TRUE,C449S/A
yunnanense,461,V,V,1,TRUE,V461I
yunnanense,472,M,M,1,TRUE,M472V
yunnanense,475,L,L,0.997,TRUE,L475I
veitchii,76,S,S,1,TRUE,S76N
veitchii,95,S,S,1,TRUE,S95T
veitchii,157,V,V,1,TRUE,V157S
veitchii,219,L,L,1,TRUE,L219C/V
veitchii,225,L,I,0.987,FALSE,I225L
veitchii,226,Y,Y,1,TRUE,Y226F
veitchii,230,A,A,1,TRUE,A230T
veitchii,249,D,E,0.994,FALSE,E249D
veitchii,251,M,M,1,TRUE,M251I
veitchii,255,V,V,1,TRUE,V255I
veitchii,262,V,V,1,TRUE,V262A/T
veitchii,279,T,T,1,TRUE,T279S
veitchii,309,-,M,1,NA,M309I
veitchii,317,-,A,1,NA,A317G
veitchii,328,-,A,1,NA,A328S/G
veitchii,340,-,E,1,NA,E340D
veitchii,429,-,Q,1,NA,Q429K
veitchii,449,-,C,1,NA,C449S/A
veitchii,461,-,V,1,NA,V461I
veitchii,472,-,M,1,NA,M472V
veitchii,475,-,L,0.997,NA,L475I
villosum,76,S,S,1,TRUE,S76N
villosum,95,S,S,1,TRUE,S95T
villosum,157,V,V,1,TRUE,V157S
villosum,219,-,L,1,NA,L219C/V
villosum,225,-,I,0.987,NA,I225L
villosum,226,-,Y,1,NA,Y226F
villosum,230,-,A,1,NA,A230T
villosum,249,-,E,0.994,NA,E249D
villosum,251,-,M,1,NA,M251I
villosum,255,-,V,1,NA,V255I
villosum,262,-,V,1,NA,V262A/T
villosum,279,-,T,1,NA,T279S
villosum,309,-,M,1,NA,M309I
villosum,317,-,A,1,NA,A317G
villosum,328,-,A,1,NA,A328S/G
villosum,340,-,E,1,NA,E340D
villosum,429,-,Q,1,NA,Q429K
villosum,449,-,C,1,NA,C449S/A
villosum,461,-,V,1,NA,V461I
villosum,472,-,M,1,NA,M472V
villosum,475,-,L,0.997,NA,L475I
bracteatum,76,S,S,1,TRUE,S76N
bracteatum,95,S,S,1,TRUE,S95T
bracteatum,157,V,V,1,TRUE,V157S
bracteatum,219,L,L,1,TRUE,L219C/V
bracteatum,225,I,I,0.987,TRUE,I225L
bracteatum,226,Y,Y,1,TRUE,Y226F
bracteatum,230,A,A,1,TRUE,A230T
bracteatum,249,D,E,0.994,FALSE,E249D
bracteatum,251,M,M,1,TRUE,M251I
bracteatum,255,V,V,1,TRUE,V255I
bracteatum,262,V,V,1,TRUE,V262A/T
bracteatum,279,T,T,1,TRUE,T279S
bracteatum,309,M,M,1,TRUE,M309I
bracteatum,317,A,A,1,TRUE,A317G
bracteatum,328,A,A,1,TRUE,A328S/G
bracteatum,340,D,E,1,FALSE,E340D
bracteatum,429,Q,Q,1,TRUE,Q429K
bracteatum,449,C,C,1,TRUE,C449S/A
bracteatum,461,V,V,1,TRUE,V461I
bracteatum,472,M,M,1,TRUE,M472V
bracteatum,475,I,L,0.997,FALSE,L475I
stipitatum,76,N,S,1,FALSE,S76N
stipitatum,95,S,S,1,TRUE,S95T
stipitatum,157,V,V,1,TRUE,V157S
stipitatum,219,-,L,1,NA,L219C/V
stipitatum,225,-,I,0.987,NA,I225L
stipitatum,226,-,Y,1,NA,Y226F
stipitatum,230,-,A,1,NA,A230T
stipitatum,249,-,E,0.994,NA,E249D
stipitatum,251,-,M,1,NA,M251I
stipitatum,255,-,V,1,NA,V255I
stipitatum,262,-,V,1,NA,V262A/T
stipitatum,279,-,T,1,NA,T279S
stipitatum,309,-,M,1,NA,M309I
stipitatum,317,-,A,1,NA,A317G
stipitatum,328,-,A,1,NA,A328S/G
stipitatum,340,-,E,1,NA,E340D
stipitatum,429,-,Q,1,NA,Q429K
stipitatum,449,-,C,1,NA,C449S/A
stipitatum,461,-,V,1,NA,V461I
stipitatum,472,-,M,1,NA,M472V
stipitatum,475,-,L,0.997,NA,L475I
cotinifoli,76,S,S,1,TRUE,S76N
cotinifoli,95,S,S,1,TRUE,S95T
cotinifoli,157,V,V,1,TRUE,V157S
cotinifoli,219,L,L,1,TRUE,L219C/V
cotinifoli,225,I,I,0.987,TRUE,I225L
cotinifoli,226,Y,Y,1,TRUE,Y226F
cotinifoli,230,A,A,1,TRUE,A230T
cotinifoli,249,D,E,0.994,FALSE,E249D
cotinifoli,251,M,M,1,TRUE,M251I
cotinifoli,255,V,V,1,TRUE,V255I
cotinifoli,262,V,V,1,TRUE,V262A/T
cotinifoli,279,T,T,1,TRUE,T279S
cotinifoli,309,M,M,1,TRUE,M309I
cotinifoli,317,A,A,1,TRUE,A317G
cotinifoli,328,A,A,1,TRUE,A328S/G
cotinifoli,340,E,E,1,TRUE,E340D
cotinifoli,429,Q,Q,1,TRUE,Q429K
cotinifoli,449,C,C,1,TRUE,C449S/A
cotinifoli,461,V,V,1,TRUE,V461I
cotinifoli,472,M,M,1,TRUE,M472V
cotinifoli,475,-,L,0.997,NA,L475I
oliganthum,76,S,S,1,TRUE,S76N
oliganthum,95,S,S,1,TRUE,S95T
oliganthum,157,V,V,1,TRUE,V157S
oliganthum,219,L,L,1,TRUE,L219C/V
oliganthum,225,L,I,0.987,FALSE,I225L
oliganthum,226,Y,Y,1,TRUE,Y226F
oliganthum,230,A,A,1,TRUE,A230T
oliganthum,249,E,E,0.994,TRUE,E249D
oliganthum,251,M,M,1,TRUE,M251I
oliganthum,255,V,V,1,TRUE,V255I
oliganthum,262,V,V,1,TRUE,V262A/T
oliganthum,279,T,T,1,TRUE,T279S
oliganthum,309,M,M,1,TRUE,M309I
oliganthum,317,A,A,1,TRUE,A317G
oliganthum,328,A,A,1,TRUE,A328S/G
oliganthum,340,E,E,1,TRUE,E340D
oliganthum,429,K,Q,1,FALSE,Q429K
oliganthum,449,C,C,1,TRUE,C449S/A
oliganthum,461,V,V,1,TRUE,V461I
oliganthum,472,M,M,1,TRUE,M472V
oliganthum,475,L,L,0.997,TRUE,L475I
recognitum,76,S,S,1,TRUE,S76N
recognitum,95,S,S,1,TRUE,S95T
recognitum,157,V,V,1,TRUE,V157S
recognitum,219,-,L,1,NA,L219C/V
recognitum,225,-,I,0.987,NA,I225L
recognitum,226,-,Y,1,NA,Y226F
recognitum,230,-,A,1,NA,A230T
recognitum,249,-,E,0.994,NA,E249D
recognitum,251,-,M,1,NA,M251I
recognitum,255,-,V,1,NA,V255I
recognitum,262,-,V,1,NA,V262A/T
recognitum,279,-,T,1,NA,T279S
recognitum,309,-,M,1,NA,M309I
recognitum,317,-,A,1,NA,A317G
recognitum,328,-,A,1,NA,A328S/G
recognitum,340,-,E,1,NA,E340D
recognitum,429,-,Q,1,NA,Q429K
recognitum,449,-,C,1,NA,C449S/A
recognitum,461,-,V,1,NA,V461I
recognitum,472,-,M,1,NA,M472V
recognitum,475,-,L,0.997,NA,L475I
suspensum,76,S,S,1,TRUE,S76N
suspensum,95,S,S,1,TRUE,S95T
suspensum,157,V,V,1,TRUE,V157S
suspensum,219,L,L,1,TRUE,L219C/V
suspensum,225,L,I,0.987,FALSE,I225L
suspensum,226,Y,Y,1,TRUE,Y226F
suspensum,230,A,A,1,TRUE,A230T
suspensum,249,E,E,0.994,TRUE,E249D
suspensum,251,M,M,1,TRUE,M251I
suspensum,255,V,V,1,TRUE,V255I
suspensum,262,V,V,1,TRUE,V262A/T
suspensum,279,T,T,1,TRUE,T279S
suspensum,309,M,M,1,TRUE,M309I
suspensum,317,A,A,1,TRUE,A317G
suspensum,328,A,A,1,TRUE,A328S/G
suspensum,340,E,E,1,TRUE,E340D
suspensum,429,Q,Q,1,TRUE,Q429K
suspensum,449,C,C,1,TRUE,C449S/A
suspensum,461,V,V,1,TRUE,V461I
suspensum,472,M,M,1,TRUE,M472V
suspensum,475,L,L,0.997,TRUE,L475I
beccarii,76,S,S,1,TRUE,S76N
beccarii,95,S,S,1,TRUE,S95T
beccarii,157,V,V,1,TRUE,V157S
beccarii,219,V,L,1,FALSE,L219C/V
beccarii,225,I,I,0.987,TRUE,I225L
beccarii,226,Y,Y,1,TRUE,Y226F
beccarii,230,A,A,1,TRUE,A230T
beccarii,249,E,E,0.994,TRUE,E249D
beccarii,251,M,M,1,TRUE,M251I
beccarii,255,V,V,1,TRUE,V255I
beccarii,262,V,V,1,TRUE,V262A/T
beccarii,279,T,T,1,TRUE,T279S
beccarii,309,M,M,1,TRUE,M309I
beccarii,317,A,A,1,TRUE,A317G
beccarii,328,G,A,1,FALSE,A328S/G
beccarii,340,E,E,1,TRUE,E340D
beccarii,429,Q,Q,1,TRUE,Q429K
beccarii,449,S,C,1,FALSE,C449S/A
beccarii,461,V,V,1,TRUE,V461I
beccarii,472,V,M,1,FALSE,M472V
beccarii,475,I,L,0.997,FALSE,L475I
australe,76,S,S,1,TRUE,S76N
australe,95,S,S,1,TRUE,S95T
australe,157,V,V,1,TRUE,V157S
australe,219,-,L,1,NA,L219C/V
australe,225,-,I,0.987,NA,I225L
australe,226,-,Y,1,NA,Y226F
australe,230,-,A,1,NA,A230T
australe,249,-,E,0.994,NA,E249D
australe,251,-,M,1,NA,M251I
australe,255,-,V,1,NA,V255I
australe,262,-,V,1,NA,V262A/T
australe,279,-,T,1,NA,T279S
australe,309,-,M,1,NA,M309I
australe,317,-,A,1,NA,A317G
australe,328,-,A,1,NA,A328S/G
australe,340,-,E,1,NA,E340D
australe,429,-,Q,1,NA,Q429K
australe,449,-,C,1,NA,C449S/A
australe,461,-,V,1,NA,V461I
australe,472,-,M,1,NA,M472V
australe,475,-,L,0.997,NA,L475I
blandum,76,N,S,1,FALSE,S76N
blandum,95,S,S,1,TRUE,S95T
blandum,157,V,V,1,TRUE,V157S
blandum,219,C,L,1,FALSE,L219C/V
blandum,225,I,I,0.987,TRUE,I225L
blandum,226,Y,Y,1,TRUE,Y226F
blandum,230,A,A,1,TRUE,A230T
blandum,249,D,E,0.994,FALSE,E249D
blandum,251,M,M,1,TRUE,M251I
blandum,255,V,V,1,TRUE,V255I
blandum,262,V,V,1,TRUE,V262A/T
blandum,279,T,T,1,TRUE,T279S
blandum,309,M,M,1,TRUE,M309I
blandum,317,G,A,1,FALSE,A317G
blandum,328,A,A,1,TRUE,A328S/G
blandum,340,E,E,1,TRUE,E340D
blandum,429,Q,Q,1,TRUE,Q429K
blandum,449,S,C,1,FALSE,C449S/A
blandum,461,I,V,1,FALSE,V461I
blandum,472,M,M,1,TRUE,M472V
blandum,475,L,L,0.997,TRUE,L475I
jucundum,76,N,S,1,FALSE,S76N
jucundum,95,S,S,1,TRUE,S95T
jucundum,157,V,V,1,TRUE,V157S
jucundum,219,C,L,1,FALSE,L219C/V
jucundum,225,L,I,0.987,FALSE,I225L
jucundum,226,Y,Y,1,TRUE,Y226F
jucundum,230,A,A,1,TRUE,A230T
jucundum,249,D,E,0.994,FALSE,E249D
jucundum,251,M,M,1,TRUE,M251I
jucundum,255,V,V,1,TRUE,V255I
jucundum,262,V,V,1,TRUE,V262A/T
jucundum,279,T,T,1,TRUE,T279S
jucundum,309,M,M,1,TRUE,M309I
jucundum,317,A,A,1,TRUE,A317G
jucundum,328,A,A,1,TRUE,A328S/G
jucundum,340,E,E,1,TRUE,E340D
jucundum,429,Q,Q,1,TRUE,Q429K
jucundum,449,S,C,1,FALSE,C449S/A
jucundum,461,V,V,1,TRUE,V461I
jucundum,472,M,M,1,TRUE,M472V
jucundum,475,L,L,0.997,TRUE,L475I
jamesonii,76,N,S,1,FALSE,S76N
jamesonii,95,S,S,1,TRUE,S95T
jamesonii,157,V,V,1,TRUE,V157S
jamesonii,219,C,L,1,FALSE,L219C/V
jamesonii,225,L,I,0.987,FALSE,I225L
jamesonii,226,Y,Y,1,TRUE,Y226F
jamesonii,230,A,A,1,TRUE,A230T
jamesonii,249,D,E,0.994,FALSE,E249D
jamesonii,251,M,M,1,TRUE,M251I
jamesonii,255,V,V,1,TRUE,V255I
jamesonii,262,V,V,1,TRUE,V262A/T
jamesonii,279,T,T,1,TRUE,T279S
jamesonii,309,M,M,1,TRUE,M309I
jamesonii,317,A,A,1,TRUE,A317G
jamesonii,328,A,A,1,TRUE,A328S/G
jamesonii,340,E,E,1,TRUE,E340D
jamesonii,429,Q,Q,1,TRUE,Q429K
jamesonii,449,S,C,1,FALSE,C449S/A
jamesonii,461,V,V,1,TRUE,V461I
jamesonii,472,M,M,1,TRUE,M472V
jamesonii,475,L,L,0.997,TRUE,L475I
rugosum,76,S,S,1,TRUE,S76N
rugosum,95,S,S,1,TRUE,S95T
rugosum,157,V,V,1,TRUE,V157S
rugosum,219,L,L,1,TRUE,L219C/V
rugosum,225,I,I,0.987,TRUE,I225L
rugosum,226,Y,Y,1,TRUE,Y226F
rugosum,230,A,A,1,TRUE,A230T
rugosum,249,E,E,0.994,TRUE,E249D
rugosum,251,M,M,1,TRUE,M251I
rugosum,255,V,V,1,TRUE,V255I
rugosum,262,A,V,1,FALSE,V262A/T
rugosum,279,S,T,1,FALSE,T279S
rugosum,309,M,M,1,TRUE,M309I
rugosum,317,G,A,1,FALSE,A317G
rugosum,328,A,A,1,TRUE,A328S/G
rugosum,340,E,E,1,TRUE,E340D
rugosum,429,Q,Q,1,TRUE,Q429K
rugosum,449,C,C,1,TRUE,C449S/A
rugosum,461,I,V,1,FALSE,V461I
rugosum,472,M,M,1,TRUE,M472V
rugosum,475,L,L,0.997,TRUE,L475I
lasiophyll,76,-,S,1,NA,S76N
lasiophyll,95,-,S,1,NA,S95T
lasiophyll,157,-,V,1,NA,V157S
lasiophyll,219,-,L,1,NA,L219C/V
lasiophyll,225,-,I,0.987,NA,I225L
lasiophyll,226,-,Y,1,NA,Y226F
lasiophyll,230,-,A,1,NA,A230T
lasiophyll,249,D,E,0.994,FALSE,E249D
lasiophyll,251,M,M,1,TRUE,M251I
lasiophyll,255,V,V,1,TRUE,V255I
lasiophyll,262,V,V,1,TRUE,V262A/T
lasiophyll,279,T,T,1,TRUE,T279S
lasiophyll,309,M,M,1,TRUE,M309I
lasiophyll,317,A,A,1,TRUE,A317G
lasiophyll,328,A,A,1,TRUE,A328S/G
lasiophyll,340,E,E,1,TRUE,E340D
lasiophyll,429,Q,Q,1,TRUE,Q429K
lasiophyll,449,S,C,1,FALSE,C449S/A
lasiophyll,461,V,V,1,TRUE,V461I
lasiophyll,472,M,M,1,TRUE,M472V
lasiophyll,475,L,L,0.997,TRUE,L475I
carlesii,76,S,S,1,TRUE,S76N
carlesii,95,T,S,1,FALSE,S95T
carlesii,157,V,V,1,TRUE,V157S
carlesii,219,L,L,1,TRUE,L219C/V
carlesii,225,I,I,0.987,TRUE,I225L
carlesii,226,Y,Y,1,TRUE,Y226F
carlesii,230,A,A,1,TRUE,A230T
carlesii,249,D,E,0.994,FALSE,E249D
carlesii,251,M,M,1,TRUE,M251I
carlesii,255,V,V,1,TRUE,V255I
carlesii,262,V,V,1,TRUE,V262A/T
carlesii,279,T,T,1,TRUE,T279S
carlesii,309,M,M,1,TRUE,M309I
carlesii,317,A,A,1,TRUE,A317G
carlesii,328,A,A,1,TRUE,A328S/G
carlesii,340,E,E,1,TRUE,E340D
carlesii,429,Q,Q,1,TRUE,Q429K
carlesii,449,C,C,1,TRUE,C449S/A
carlesii,461,V,V,1,TRUE,V461I
carlesii,472,M,M,1,TRUE,M472V
carlesii,475,L,L,0.997,TRUE,L475I
stellato-t,76,S,S,1,TRUE,S76N
stellato-t,95,S,S,1,TRUE,S95T
stellato-t,157,V,V,1,TRUE,V157S
stellato-t,219,C,L,1,FALSE,L219C/V
stellato-t,225,L,I,0.987,FALSE,I225L
stellato-t,226,Y,Y,1,TRUE,Y226F
stellato-t,230,A,A,1,TRUE,A230T
stellato-t,249,D,E,0.994,FALSE,E249D
stellato-t,251,M,M,1,TRUE,M251I
stellato-t,255,V,V,1,TRUE,V255I
stellato-t,262,T,V,1,FALSE,V262A/T
stellato-t,279,T,T,1,TRUE,T279S
stellato-t,309,M,M,1,TRUE,M309I
stellato-t,317,A,A,1,TRUE,A317G
stellato-t,328,A,A,1,TRUE,A328S/G
stellato-t,340,E,E,1,TRUE,E340D
stellato-t,429,Q,Q,1,TRUE,Q429K
stellato-t,449,S,C,1,FALSE,C449S/A
stellato-t,461,V,V,1,TRUE,V461I
stellato-t,472,M,M,1,TRUE,M472V
stellato-t,475,L,L,0.997,TRUE,L475I
nudum,76,S,S,1,TRUE,S76N
nudum,95,S,S,1,TRUE,S95T
nudum,157,V,V,1,TRUE,V157S
nudum,219,L,L,1,TRUE,L219C/V
nudum,225,L,I,0.987,FALSE,I225L
nudum,226,Y,Y,1,TRUE,Y226F
nudum,230,A,A,1,TRUE,A230T
nudum,249,D,E,0.994,FALSE,E249D
nudum,251,M,M,1,TRUE,M251I
nudum,255,V,V,1,TRUE,V255I
nudum,262,V,V,1,TRUE,V262A/T
nudum,279,T,T,1,TRUE,T279S
nudum,309,M,M,1,TRUE,M309I
nudum,317,A,A,1,TRUE,A317G
nudum,328,A,A,1,TRUE,A328S/G
nudum,340,E,E,1,TRUE,E340D
nudum,429,Q,Q,1,TRUE,Q429K
nudum,449,S,C,1,FALSE,C449S/A
nudum,461,V,V,1,TRUE,V461I
nudum,472,M,M,1,TRUE,M472V
nudum,475,L,L,0.997,TRUE,L475I
lantanoide,76,S,S,1,TRUE,S76N
lantanoide,95,S,S,1,TRUE,S95T
lantanoide,157,V,V,1,TRUE,V157S
lantanoide,219,L,L,1,TRUE,L219C/V
lantanoide,225,I,I,0.987,TRUE,I225L
lantanoide,226,Y,Y,1,TRUE,Y226F
lantanoide,230,A,A,1,TRUE,A230T
lantanoide,249,E,E,0.994,TRUE,E249D
lantanoide,251,M,M,1,TRUE,M251I
lantanoide,255,I,V,1,FALSE,V255I
lantanoide,262,A,V,1,FALSE,V262A/T
lantanoide,279,S,T,1,FALSE,T279S
lantanoide,309,M,M,1,TRUE,M309I
lantanoide,317,A,A,1,TRUE,A317G
lantanoide,328,A,A,1,TRUE,A328S/G
lantanoide,340,E,E,1,TRUE,E340D
lantanoide,429,Q,Q,1,TRUE,Q429K
lantanoide,449,C,C,1,TRUE,C449S/A
lantanoide,461,I,V,1,FALSE,V461I
lantanoide,472,M,M,1,TRUE,M472V
lantanoide,475,I,L,0.997,FALSE,L475I
orientale,76,S,S,1,TRUE,S76N
orientale,95,T,S,1,FALSE,S95T
orientale,157,V,V,1,TRUE,V157S
orientale,219,L,L,1,TRUE,L219C/V
orientale,225,L,I,0.987,FALSE,I225L
orientale,226,F,Y,1,FALSE,Y226F
orientale,230,A,A,1,TRUE,A230T
orientale,249,E,E,0.994,TRUE,E249D
orientale,251,M,M,1,TRUE,M251I
orientale,255,I,V,1,FALSE,V255I
orientale,262,A,V,1,FALSE,V262A/T
orientale,279,T,T,1,TRUE,T279S
orientale,309,M,M,1,TRUE,M309I
orientale,317,G,A,1,FALSE,A317G
orientale,328,A,A,1,TRUE,A328S/G
orientale,340,D,E,1,FALSE,E340D
orientale,429,Q,Q,1,TRUE,Q429K
orientale,449,A,C,1,FALSE,C449S/A
orientale,461,V,V,1,TRUE,V461I
orientale,472,M,M,1,TRUE,M472V
orientale,475,I,L,0.997,FALSE,L475I
hanceanum,76,S,S,1,TRUE,S76N
hanceanum,95,S,S,1,TRUE,S95T
hanceanum,157,V,V,1,TRUE,V157S
hanceanum,219,L,L,1,TRUE,L219C/V
hanceanum,225,L,I,0.987,FALSE,I225L
hanceanum,226,Y,Y,1,TRUE,Y226F
hanceanum,230,T,A,1,FALSE,A230T
hanceanum,249,E,E,0.994,TRUE,E249D
hanceanum,251,M,M,1,TRUE,M251I
hanceanum,255,V,V,1,TRUE,V255I
hanceanum,262,V,V,1,TRUE,V262A/T
hanceanum,279,T,T,1,TRUE,T279S
hanceanum,309,M,M,1,TRUE,M309I
hanceanum,317,A,A,1,TRUE,A317G
hanceanum,328,S,A,1,FALSE,A328S/G
hanceanum,340,D,E,1,FALSE,E340D
hanceanum,429,Q,Q,1,TRUE,Q429K
hanceanum,449,S,C,1,FALSE,C449S/A
hanceanum,461,V,V,1,TRUE,V461I
hanceanum,472,-,M,1,NA,M472V
hanceanum,475,-,L,0.997,NA,L475I
undulatum,76,N,S,1,FALSE,S76N
undulatum,95,S,S,1,TRUE,S95T
undulatum,157,V,V,1,TRUE,V157S
undulatum,219,C,L,1,FALSE,L219C/V
undulatum,225,L,I,0.987,FALSE,I225L
undulatum,226,Y,Y,1,TRUE,Y226F
undulatum,230,A,A,1,TRUE,A230T
undulatum,249,D,E,0.994,FALSE,E249D
undulatum,251,M,M,1,TRUE,M251I
undulatum,255,V,V,1,TRUE,V255I
undulatum,262,V,V,1,TRUE,V262A/T
undulatum,279,T,T,1,TRUE,T279S
undulatum,309,M,M,1,TRUE,M309I
undulatum,317,A,A,1,TRUE,A317G
undulatum,328,A,A,1,TRUE,A328S/G
undulatum,340,E,E,1,TRUE,E340D
undulatum,429,Q,Q,1,TRUE,Q429K
undulatum,449,S,C,1,FALSE,C449S/A
undulatum,461,V,V,1,TRUE,V461I
undulatum,472,M,M,1,TRUE,M472V
undulatum,475,L,L,0.997,TRUE,L475I
burejaetic,76,S,S,1,TRUE,S76N
burejaetic,95,T,S,1,FALSE,S95T
burejaetic,157,V,V,1,TRUE,V157S
burejaetic,219,L,L,1,TRUE,L219C/V
burejaetic,225,I,I,0.987,TRUE,I225L
burejaetic,226,Y,Y,1,TRUE,Y226F
burejaetic,230,A,A,1,TRUE,A230T
burejaetic,249,D,E,0.994,FALSE,E249D
burejaetic,251,M,M,1,TRUE,M251I
burejaetic,255,V,V,1,TRUE,V255I
burejaetic,262,V,V,1,TRUE,V262A/T
burejaetic,279,T,T,1,TRUE,T279S
burejaetic,309,M,M,1,TRUE,M309I
burejaetic,317,A,A,1,TRUE,A317G
burejaetic,328,A,A,1,TRUE,A328S/G
burejaetic,340,E,E,1,TRUE,E340D
burejaetic,429,Q,Q,1,TRUE,Q429K
burejaetic,449,C,C,1,TRUE,C449S/A
burejaetic,461,V,V,1,TRUE,V461I
burejaetic,472,M,M,1,TRUE,M472V
burejaetic,475,L,L,0.997,TRUE,L475I
sempervire,76,S,S,1,TRUE,S76N
sempervire,95,T,S,1,FALSE,S95T
sempervire,157,S,V,1,FALSE,V157S
sempervire,219,L,L,1,TRUE,L219C/V
sempervire,225,L,I,0.987,FALSE,I225L
sempervire,226,F,Y,1,FALSE,Y226F
sempervire,230,A,A,1,TRUE,A230T
sempervire,249,E,E,0.994,TRUE,E249D
sempervire,251,M,M,1,TRUE,M251I
sempervire,255,V,V,1,TRUE,V255I
sempervire,262,A,V,1,FALSE,V262A/T
sempervire,279,T,T,1,TRUE,T279S
sempervire,309,M,M,1,TRUE,M309I
sempervire,317,G,A,1,FALSE,A317G
sempervire,328,A,A,1,TRUE,A328S/G
sempervire,340,D,E,1,FALSE,E340D
sempervire,429,Q,Q,1,TRUE,Q429K
sempervire,449,S,C,1,FALSE,C449S/A
sempervire,461,V,V,1,TRUE,V461I
sempervire,472,V,M,1,FALSE,M472V
sempervire,475,I,L,0.997,FALSE,L475I
farreri,76,S,S,1,TRUE,S76N
farreri,95,S,S,1,TRUE,S95T
farreri,157,V,V,1,TRUE,V157S
farreri,219,L,L,1,TRUE,L219C/V
farreri,225,L,I,0.987,FALSE,I225L
farreri,226,Y,Y,1,TRUE,Y226F
farreri,230,A,A,1,TRUE,A230T
farreri,249,E,E,0.994,TRUE,E249D
farreri,251,M,M,1,TRUE,M251I
farreri,255,V,V,1,TRUE,V255I
farreri,262,V,V,1,TRUE,V262A/T
farreri,279,T,T,1,TRUE,T279S
farreri,309,M,M,1,TRUE,M309I
farreri,317,A,A,1,TRUE,A317G
farreri,328,A,A,1,TRUE,A328S/G
farreri,340,E,E,1,TRUE,E340D
farreri,429,Q,Q,1,TRUE,Q429K
farreri,449,C,C,1,TRUE,C449S/A
farreri,461,V,V,1,TRUE,V461I
farreri,472,M,M,1,TRUE,M472V
farreri,475,L,L,0.997,TRUE,L475I
japonicum,76,S,S,1,TRUE,S76N
japonicum,95,T,S,1,FALSE,S95T
japonicum,157,S,V,1,FALSE,V157S
japonicum,219,L,L,1,TRUE,L219C/V
japonicum,225,L,I,0.987,FALSE,I225L
japonicum,226,F,Y,1,FALSE,Y226F
japonicum,230,A,A,1,TRUE,A230T
japonicum,249,E,E,0.994,TRUE,E249D
japonicum,251,M,M,1,TRUE,M251I
japonicum,255,V,V,1,TRUE,V255I
japonicum,262,A,V,1,FALSE,V262A/T
japonicum,279,T,T,1,TRUE,T279S
japonicum,309,M,M,1,TRUE,M309I
japonicum,317,G,A,1,FALSE,A317G
japonicum,328,A,A,1,TRUE,A328S/G
japonicum,340,D,E,1,FALSE,E340D
japonicum,429,Q,Q,1,TRUE,Q429K
japonicum,449,S,C,1,FALSE,C449S/A
japonicum,461,V,V,1,TRUE,V461I
japonicum,472,V,M,1,FALSE,M472V
japonicum,475,I,L,0.997,FALSE,L475I
inopinatum,76,S,S,1,TRUE,S76N
inopinatum,95,S,S,1,TRUE,S95T
inopinatum,157,V,V,1,TRUE,V157S
inopinatum,219,V,L,1,FALSE,L219C/V
inopinatum,225,I,I,0.987,TRUE,I225L
inopinatum,226,Y,Y,1,TRUE,Y226F
inopinatum,230,A,A,1,TRUE,A230T
inopinatum,249,D,E,0.994,FALSE,E249D
inopinatum,251,M,M,1,TRUE,M251I
inopinatum,255,V,V,1,TRUE,V255I
inopinatum,262,V,V,1,TRUE,V262A/T
inopinatum,279,T,T,1,TRUE,T279S
inopinatum,309,M,M,1,TRUE,M309I
inopinatum,317,A,A,1,TRUE,A317G
inopinatum,328,A,A,1,TRUE,A328S/G
inopinatum,340,D,E,1,FALSE,E340D
inopinatum,429,Q,Q,1,TRUE,Q429K
inopinatum,449,C,C,1,TRUE,C449S/A
inopinatum,461,V,V,1,TRUE,V461I
inopinatum,472,M,M,1,TRUE,M472V
inopinatum,475,I,L,0.997,FALSE,L475I
foetens,76,S,S,1,TRUE,S76N
foetens,95,S,S,1,TRUE,S95T
foetens,157,V,V,1,TRUE,V157S
foetens,219,L,L,1,TRUE,L219C/V
foetens,225,L,I,0.987,FALSE,I225L
foetens,226,Y,Y,1,TRUE,Y226F
foetens,230,A,A,1,TRUE,A230T
foetens,249,E,E,0.994,TRUE,E249D
foetens,251,I,M,1,FALSE,M251I
foetens,255,V,V,1,TRUE,V255I
foetens,262,V,V,1,TRUE,V262A/T
foetens,279,S,T,1,FALSE,T279S
foetens,309,I,M,1,FALSE,M309I
foetens,317,A,A,1,TRUE,A317G
foetens,328,S,A,1,FALSE,A328S/G
foetens,340,E,E,1,TRUE,E340D
foetens,429,Q,Q,1,TRUE,Q429K
foetens,449,C,C,1,TRUE,C449S/A
foetens,461,V,V,1,TRUE,V461I
foetens,472,M,M,1,TRUE,M472V
foetens,475,-,L,0.997,NA,L475I
anabaptist,76,N,S,1,FALSE,S76N
anabaptist,95,S,S,1,TRUE,S95T
anabaptist,157,V,V,1,TRUE,V157S
anabaptist,219,C,L,1,FALSE,L219C/V
anabaptist,225,L,I,0.987,FALSE,I225L
anabaptist,226,Y,Y,1,TRUE,Y226F
anabaptist,230,A,A,1,TRUE,A230T
anabaptist,249,D,E,0.994,FALSE,E249D
anabaptist,251,M,M,1,TRUE,M251I
anabaptist,255,V,V,1,TRUE,V255I
anabaptist,262,V,V,1,TRUE,V262A/T
anabaptist,279,T,T,1,TRUE,T279S
anabaptist,309,M,M,1,TRUE,M309I
anabaptist,317,A,A,1,TRUE,A317G
anabaptist,328,A,A,1,TRUE,A328S/G
anabaptist,340,E,E,1,TRUE,E340D
anabaptist,429,Q,Q,1,TRUE,Q429K
anabaptist,449,S,C,1,FALSE,C449S/A
anabaptist,461,V,V,1,TRUE,V461I
anabaptist,472,M,M,1,TRUE,M472V
anabaptist,475,-,L,0.997,NA,L475I
opulus,76,S,S,1,TRUE,S76N
opulus,95,S,S,1,TRUE,S95T
opulus,157,V,V,1,TRUE,V157S
opulus,219,L,L,1,TRUE,L219C/V
opulus,225,I,I,0.987,TRUE,I225L
opulus,226,F,Y,1,FALSE,Y226F
opulus,230,A,A,1,TRUE,A230T
opulus,249,D,E,0.994,FALSE,E249D
opulus,251,M,M,1,TRUE,M251I
opulus,255,V,V,1,TRUE,V255I
opulus,262,V,V,1,TRUE,V262A/T
opulus,279,T,T,1,TRUE,T279S
opulus,309,-,M,1,NA,M309I
opulus,317,-,A,1,NA,A317G
opulus,328,-,A,1,NA,A328S/G
opulus,340,-,E,1,NA,E340D
opulus,429,-,Q,1,NA,Q429K
opulus,449,-,C,1,NA,C449S/A
opulus,461,-,V,1,NA,V461I
opulus,472,-,M,1,NA,M472V
opulus,475,-,L,0.997,NA,L475I
elatum,76,S,S,1,TRUE,S76N
elatum,95,S,S,1,TRUE,S95T
elatum,157,V,V,1,TRUE,V157S
elatum,219,L,L,1,TRUE,L219C/V
elatum,225,I,I,0.987,TRUE,I225L
elatum,226,Y,Y,1,TRUE,Y226F
elatum,230,A,A,1,TRUE,A230T
elatum,249,D,E,0.994,FALSE,E249D
elatum,251,M,M,1,TRUE,M251I
elatum,255,V,V,1,TRUE,V255I
elatum,262,V,V,1,TRUE,V262A/T
elatum,279,T,T,1,TRUE,T279S
elatum,309,-,M,1,NA,M309I
elatum,317,-,A,1,NA,A317G
elatum,328,-,A,1,NA,A328S/G
elatum,340,-,E,1,NA,E340D
elatum,429,-,Q,1,NA,Q429K
elatum,449,-,C,1,NA,C449S/A
elatum,461,-,V,1,NA,V461I
elatum,472,-,M,1,NA,M472V
elatum,475,-,L,0.997,NA,L475I
parvifoliu,76,S,S,1,TRUE,S76N
parvifoliu,95,T,S,1,FALSE,S95T
parvifoliu,157,S,V,1,FALSE,V157S
parvifoliu,219,L,L,1,TRUE,L219C/V
parvifoliu,225,L,I,0.987,FALSE,I225L
parvifoliu,226,F,Y,1,FALSE,Y226F
parvifoliu,230,A,A,1,TRUE,A230T
parvifoliu,249,E,E,0.994,TRUE,E249D
parvifoliu,251,M,M,1,TRUE,M251I
parvifoliu,255,V,V,1,TRUE,V255I
parvifoliu,262,A,V,1,FALSE,V262A/T
parvifoliu,279,T,T,1,TRUE,T279S
parvifoliu,309,M,M,1,TRUE,M309I
parvifoliu,317,G,A,1,FALSE,A317G
parvifoliu,328,A,A,1,TRUE,A328S/G
parvifoliu,340,D,E,1,FALSE,E340D
parvifoliu,429,Q,Q,1,TRUE,Q429K
parvifoliu,449,S,C,1,FALSE,C449S/A
parvifoliu,461,V,V,1,TRUE,V461I
parvifoliu,472,V,M,1,FALSE,M472V
parvifoliu,475,I,L,0.997,FALSE,L475I
amplificat,76,S,S,1,TRUE,S76N
amplificat,95,S,S,1,TRUE,S95T
amplificat,157,V,V,1,TRUE,V157S
amplificat,219,L,L,1,TRUE,L219C/V
amplificat,225,L,I,0.987,FALSE,I225L
amplificat,226,Y,Y,1,TRUE,Y226F
amplificat,230,T,A,1,FALSE,A230T
amplificat,249,E,E,0.994,TRUE,E249D
amplificat,251,I,M,1,FALSE,M251I
amplificat,255,V,V,1,TRUE,V255I
amplificat,262,V,V,1,TRUE,V262A/T
amplificat,279,T,T,1,TRUE,T279S
amplificat,309,M,M,1,TRUE,M309I
amplificat,317,A,A,1,TRUE,A317G
amplificat,328,A,A,1,TRUE,A328S/G
amplificat,340,E,E,1,TRUE,E340D
amplificat,429,Q,Q,1,TRUE,Q429K
amplificat,449,C,C,1,TRUE,C449S/A
amplificat,461,V,V,1,TRUE,V461I
amplificat,472,V,M,1,FALSE,M472V
amplificat,475,-,L,0.997,NA,L475I
lentago,76,S,S,1,TRUE,S76N
lentago,95,S,S,1,TRUE,S95T
lentago,157,V,V,1,TRUE,V157S
lentago,219,L,L,1,TRUE,L219C/V
lentago,225,I,I,0.987,TRUE,I225L
lentago,226,Y,Y,1,TRUE,Y226F
lentago,230,A,A,1,TRUE,A230T
lentago,249,D,E,0.994,FALSE,E249D
lentago,251,M,M,1,TRUE,M251I
lentago,255,V,V,1,TRUE,V255I
lentago,262,V,V,1,TRUE,V262A/T
lentago,279,T,T,1,TRUE,T279S
lentago,309,M,M,1,TRUE,M309I
lentago,317,A,A,1,TRUE,A317G
lentago,328,A,A,1,TRUE,A328S/G
lentago,340,E,E,1,TRUE,E340D
lentago,429,Q,Q,1,TRUE,Q429K
lentago,449,S,C,1,FALSE,C449S/A
lentago,461,V,V,1,TRUE,V461I
lentago,472,M,M,1,TRUE,M472V
lentago,475,L,L,0.997,TRUE,L475I
obovatum,76,S,S,1,TRUE,S76N
obovatum,95,S,S,1,TRUE,S95T
obovatum,157,V,V,1,TRUE,V157S
obovatum,219,L,L,1,TRUE,L219C/V
obovatum,225,I,I,0.987,TRUE,I225L
obovatum,226,Y,Y,1,TRUE,Y226F
obovatum,230,A,A,1,TRUE,A230T
obovatum,249,D,E,0.994,FALSE,E249D
obovatum,251,M,M,1,TRUE,M251I
obovatum,255,V,V,1,TRUE,V255I
obovatum,262,V,V,1,TRUE,V262A/T
obovatum,279,T,T,1,TRUE,T279S
obovatum,309,M,M,1,TRUE,M309I
obovatum,317,A,A,1,TRUE,A317G
obovatum,328,A,A,1,TRUE,A328S/G
obovatum,340,E,E,1,TRUE,E340D
obovatum,429,Q,Q,1,TRUE,Q429K
obovatum,449,S,C,1,FALSE,C449S/A
obovatum,461,V,V,1,TRUE,V461I
obovatum,472,M,M,1,TRUE,M472V
obovatum,475,L,L,0.997,TRUE,L475I
subsessile,76,N,S,1,FALSE,S76N
subsessile,95,S,S,1,TRUE,S95T
subsessile,157,V,V,1,TRUE,V157S
subsessile,219,C,L,1,FALSE,L219C/V
subsessile,225,L,I,0.987,FALSE,I225L
subsessile,226,Y,Y,1,TRUE,Y226F
subsessile,230,A,A,1,TRUE,A230T
subsessile,249,D,E,0.994,FALSE,E249D
subsessile,251,M,M,1,TRUE,M251I
subsessile,255,V,V,1,TRUE,V255I
subsessile,262,V,V,1,TRUE,V262A/T
subsessile,279,T,T,1,TRUE,T279S
subsessile,309,M,M,1,TRUE,M309I
subsessile,317,A,A,1,TRUE,A317G
subsessile,328,A,A,1,TRUE,A328S/G
subsessile,340,E,E,1,TRUE,E340D
subsessile,429,-,Q,1,NA,Q429K
subsessile,449,-,C,1,NA,C449S/A
subsessile,461,-,V,1,NA,V461I
subsessile,472,-,M,1,NA,M472V
subsessile,475,-,L,0.997,NA,L475I
cinnamomif,76,S,S,1,TRUE,S76N
cinnamomif,95,S,S,1,TRUE,S95T
cinnamomif,157,V,V,1,TRUE,V157S
cinnamomif,219,V,L,1,FALSE,L219C/V
cinnamomif,225,I,I,0.987,TRUE,I225L
cinnamomif,226,Y,Y,1,TRUE,Y226F
cinnamomif,230,A,A,1,TRUE,A230T
cinnamomif,249,D,E,0.994,FALSE,E249D
cinnamomif,251,M,M,1,TRUE,M251I
cinnamomif,255,V,V,1,TRUE,V255I
cinnamomif,262,V,V,1,TRUE,V262A/T
cinnamomif,279,T,T,1,TRUE,T279S
cinnamomif,309,M,M,1,TRUE,M309I
cinnamomif,317,A,A,1,TRUE,A317G
cinnamomif,328,A,A,1,TRUE,A328S/G
cinnamomif,340,E,E,1,TRUE,E340D
cinnamomif,429,Q,Q,1,TRUE,Q429K
cinnamomif,449,C,C,1,TRUE,C449S/A
cinnamomif,461,V,V,1,TRUE,V461I
cinnamomif,472,M,M,1,TRUE,M472V
cinnamomif,475,I,L,0.997,FALSE,L475I
fordiae,76,S,S,1,TRUE,S76N
fordiae,95,T,S,1,FALSE,S95T
fordiae,157,S,V,1,FALSE,V157S
fordiae,219,L,L,1,TRUE,L219C/V
fordiae,225,L,I,0.987,FALSE,I225L
fordiae,226,F,Y,1,FALSE,Y226F
fordiae,230,A,A,1,TRUE,A230T
fordiae,249,E,E,0.994,TRUE,E249D
fordiae,251,M,M,1,TRUE,M251I
fordiae,255,I,V,1,FALSE,V255I
fordiae,262,A,V,1,FALSE,V262A/T
fordiae,279,T,T,1,TRUE,T279S
fordiae,309,M,M,1,TRUE,M309I
fordiae,317,G,A,1,FALSE,A317G
fordiae,328,A,A,1,TRUE,A328S/G
fordiae,340,D,E,1,FALSE,E340D
fordiae,429,Q,Q,1,TRUE,Q429K
fordiae,449,S,C,1,FALSE,C449S/A
fordiae,461,V,V,1,TRUE,V461I
fordiae,472,V,M,1,FALSE,M472V
fordiae,475,I,L,0.997,FALSE,L475I
vernicosum,76,S,S,1,TRUE,S76N
vernicosum,95,S,S,1,TRUE,S95T
vernicosum,157,V,V,1,TRUE,V157S
vernicosum,219,V,L,1,FALSE,L219C/V
vernicosum,225,I,I,0.987,TRUE,I225L
vernicosum,226,Y,Y,1,TRUE,Y226F
vernicosum,230,A,A,1,TRUE,A230T
vernicosum,249,E,E,0.994,TRUE,E249D
vernicosum,251,M,M,1,TRUE,M251I
vernicosum,255,V,V,1,TRUE,V255I
vernicosum,262,V,V,1,TRUE,V262A/T
vernicosum,279,T,T,1,TRUE,T279S
vernicosum,309,M,M,1,TRUE,M309I
vernicosum,317,A,A,1,TRUE,A317G
vernicosum,328,G,A,1,FALSE,A328S/G
vernicosum,340,E,E,1,TRUE,E340D
vernicosum,429,Q,Q,1,TRUE,Q429K
vernicosum,449,S,C,1,FALSE,C449S/A
vernicosum,461,V,V,1,TRUE,V461I
vernicosum,472,M,M,1,TRUE,M472V
vernicosum,475,I,L,0.997,FALSE,L475I
chingii,76,S,S,1,TRUE,S76N
chingii,95,S,S,1,TRUE,S95T
chingii,157,V,V,1,TRUE,V157S
chingii,219,L,L,1,TRUE,L219C/V
chingii,225,L,I,0.987,FALSE,I225L
chingii,226,Y,Y,1,TRUE,Y226F
chingii,230,A,A,1,TRUE,A230T
chingii,249,E,E,0.994,TRUE,E249D
chingii,251,M,M,1,TRUE,M251I
chingii,255,V,V,1,TRUE,V255I
chingii,262,V,V,1,TRUE,V262A/T
chingii,279,T,T,1,TRUE,T279S
chingii,309,M,M,1,TRUE,M309I
chingii,317,A,A,1,TRUE,A317G
chingii,328,A,A,1,TRUE,A328S/G
chingii,340,E,E,1,TRUE,E340D
chingii,429,K,Q,1,FALSE,Q429K
chingii,449,C,C,1,TRUE,C449S/A
chingii,461,V,V,1,TRUE,V461I
chingii,472,M,M,1,TRUE,M472V
chingii,475,L,L,0.997,TRUE,L475I
maculatum,76,S,S,1,TRUE,S76N
maculatum,95,T,S,1,FALSE,S95T
maculatum,157,V,V,1,TRUE,V157S
maculatum,219,L,L,1,TRUE,L219C/V
maculatum,225,I,I,0.987,TRUE,I225L
maculatum,226,Y,Y,1,TRUE,Y226F
maculatum,230,A,A,1,TRUE,A230T
maculatum,249,D,E,0.994,FALSE,E249D
maculatum,251,M,M,1,TRUE,M251I
maculatum,255,V,V,1,TRUE,V255I
maculatum,262,V,V,1,TRUE,V262A/T
maculatum,279,T,T,1,TRUE,T279S
maculatum,309,M,M,1,TRUE,M309I
maculatum,317,A,A,1,TRUE,A317G
maculatum,328,A,A,1,TRUE,A328S/G
maculatum,340,E,E,1,TRUE,E340D
maculatum,429,Q,Q,1,TRUE,Q429K
maculatum,449,C,C,1,TRUE,C449S/A
maculatum,461,V,V,1,TRUE,V461I
maculatum,472,M,M,1,TRUE,M472V
maculatum,475,L,L,0.997,TRUE,L475I
pichinchen,76,N,S,1,FALSE,S76N
pichinchen,95,S,S,1,TRUE,S95T
pichinchen,157,V,V,1,TRUE,V157S
pichinchen,219,-,L,1,NA,L219C/V
pichinchen,225,-,I,0.987,NA,I225L
pichinchen,226,-,Y,1,NA,Y226F
pichinchen,230,-,A,1,NA,A230T
pichinchen,249,-,E,0.994,NA,E249D
pichinchen,251,-,M,1,NA,M251I
pichinchen,255,-,V,1,NA,V255I
pichinchen,262,-,V,1,NA,V262A/T
pichinchen,279,-,T,1,NA,T279S
pichinchen,309,-,M,1,NA,M309I
pichinchen,317,-,A,1,NA,A317G
pichinchen,328,-,A,1,NA,A328S/G
pichinchen,340,-,E,1,NA,E340D
pichinchen,429,-,Q,1,NA,Q429K
pichinchen,449,-,C,1,NA,C449S/A
pichinchen,461,-,V,1,NA,V461I
pichinchen,472,-,M,1,NA,M472V
pichinchen,475,-,L,0.997,NA,L475I
brevitubum,76,S,S,1,TRUE,S76N
brevitubum,95,S,S,1,TRUE,S95T
brevitubum,157,V,V,1,TRUE,V157S
brevitubum,219,L,L,1,TRUE,L219C/V
brevitubum,225,L,I,0.987,FALSE,I225L
brevitubum,226,Y,Y,1,TRUE,Y226F
brevitubum,230,A,A,1,TRUE,A230T
brevitubum,249,E,E,0.994,TRUE,E249D
brevitubum,251,M,M,1,TRUE,M251I
brevitubum,255,V,V,1,TRUE,V255I
brevitubum,262,V,V,1,TRUE,V262A/T
brevitubum,279,T,T,1,TRUE,T279S
brevitubum,309,M,M,1,TRUE,M309I
brevitubum,317,A,A,1,TRUE,A317G
brevitubum,328,A,A,1,TRUE,A328S/G
brevitubum,340,E,E,1,TRUE,E340D
brevitubum,429,K,Q,1,FALSE,Q429K
brevitubum,449,C,C,1,TRUE,C449S/A
brevitubum,461,V,V,1,TRUE,V461I
brevitubum,472,M,M,1,TRUE,M472V
brevitubum,475,L,L,0.997,TRUE,L475I
ciliatum,76,N,S,1,FALSE,S76N
ciliatum,95,S,S,1,TRUE,S95T
ciliatum,157,V,V,1,TRUE,V157S
ciliatum,219,-,L,1,NA,L219C/V
ciliatum,225,-,I,0.987,NA,I225L
ciliatum,226,-,Y,1,NA,Y226F
ciliatum,230,-,A,1,NA,A230T
ciliatum,249,-,E,0.994,NA,E249D
ciliatum,251,-,M,1,NA,M251I
ciliatum,255,-,V,1,NA,V255I
ciliatum,262,-,V,1,NA,V262A/T
ciliatum,279,-,T,1,NA,T279S
ciliatum,309,-,M,1,NA,M309I
ciliatum,317,-,A,1,NA,A317G
ciliatum,328,-,A,1,NA,A328S/G
ciliatum,340,-,E,1,NA,E340D
ciliatum,429,-,Q,1,NA,Q429K
ciliatum,449,-,C,1,NA,C449S/A
ciliatum,461,-,V,1,NA,V461I
ciliatum,472,-,M,1,NA,M472V
ciliatum,475,-,L,0.997,NA,L475I
nervosum,76,S,S,1,TRUE,S76N
nervosum,95,S,S,1,TRUE,S95T
nervosum,157,V,V,1,TRUE,V157S
nervosum,219,L,L,1,TRUE,L219C/V
nervosum,225,L,I,0.987,FALSE,I225L
nervosum,226,Y,Y,1,TRUE,Y226F
nervosum,230,A,A,1,TRUE,A230T
nervosum,249,E,E,0.994,TRUE,E249D
nervosum,251,I,M,1,FALSE,M251I
nervosum,255,V,V,1,TRUE,V255I
nervosum,262,V,V,1,TRUE,V262A/T
nervosum,279,S,T,1,FALSE,T279S
nervosum,309,I,M,1,FALSE,M309I
nervosum,317,A,A,1,TRUE,A317G
nervosum,328,S,A,1,FALSE,A328S/G
nervosum,340,E,E,1,TRUE,E340D
nervosum,429,Q,Q,1,TRUE,Q429K
nervosum,449,C,C,1,TRUE,C449S/A
nervosum,461,V,V,1,TRUE,V461I
nervosum,472,M,M,1,TRUE,M472V
nervosum,475,L,L,0.997,TRUE,L475I
kansuense,76,S,S,1,TRUE,S76N
kansuense,95,T,S,1,FALSE,S95T
kansuense,157,V,V,1,TRUE,V157S
kansuense,219,L,L,1,TRUE,L219C/V
kansuense,225,I,I,0.987,TRUE,I225L
kansuense,226,Y,Y,1,TRUE,Y226F
kansuense,230,A,A,1,TRUE,A230T
kansuense,249,D,E,0.994,FALSE,E249D
kansuense,251,M,M,1,TRUE,M251I
kansuense,255,V,V,1,TRUE,V255I
kansuense,262,V,V,1,TRUE,V262A/T
kansuense,279,T,T,1,TRUE,T279S
kansuense,309,M,M,1,TRUE,M309I
kansuense,317,A,A,1,TRUE,A317G
kansuense,328,A,A,1,TRUE,A328S/G
kansuense,340,D,E,1,FALSE,E340D
kansuense,429,Q,Q,1,TRUE,Q429K
kansuense,449,C,C,1,TRUE,C449S/A
kansuense,461,V,V,1,TRUE,V461I
kansuense,472,M,M,1,TRUE,M472V
kansuense,475,I,L,0.997,FALSE,L475I
tashiroi,76,S,S,1,TRUE,S76N
tashiroi,95,T,S,1,FALSE,S95T
tashiroi,157,S,V,1,FALSE,V157S
tashiroi,219,L,L,1,TRUE,L219C/V
tashiroi,225,L,I,0.987,FALSE,I225L
tashiroi,226,F,Y,1,FALSE,Y226F
tashiroi,230,A,A,1,TRUE,A230T
tashiroi,249,E,E,0.994,TRUE,E249D
tashiroi,251,M,M,1,TRUE,M251I
tashiroi,255,V,V,1,TRUE,V255I
tashiroi,262,A,V,1,FALSE,V262A/T
tashiroi,279,T,T,1,TRUE,T279S
tashiroi,309,M,M,1,TRUE,M309I
tashiroi,317,G,A,1,FALSE,A317G
tashiroi,328,A,A,1,TRUE,A328S/G
tashiroi,340,D,E,1,FALSE,E340D
tashiroi,429,Q,Q,1,TRUE,Q429K
tashiroi,449,S,C,1,FALSE,C449S/A
tashiroi,461,V,V,1,TRUE,V461I
tashiroi,472,V,M,1,FALSE,M472V
tashiroi,475,I,L,0.997,FALSE,L475I
hupehense,76,-,S,1,NA,S76N
hupehense,95,-,S,1,NA,S95T
hupehense,157,-,V,1,NA,V157S
hupehense,219,-,L,1,NA,L219C/V
hupehense,225,-,I,0.987,NA,I225L
hupehense,226,-,Y,1,NA,Y226F
hupehense,230,-,A,1,NA,A230T
hupehense,249,D,E,0.994,FALSE,E249D
hupehense,251,M,M,1,TRUE,M251I
hupehense,255,V,V,1,TRUE,V255I
hupehense,262,V,V,1,TRUE,V262A/T
hupehense,279,T,T,1,TRUE,T279S
hupehense,309,M,M,1,TRUE,M309I
hupehense,317,A,A,1,TRUE,A317G
hupehense,328,A,A,1,TRUE,A328S/G
hupehense,340,D,E,1,FALSE,E340D
hupehense,429,Q,Q,1,TRUE,Q429K
hupehense,449,A,C,1,FALSE,C449S/A
hupehense,461,V,V,1,TRUE,V461I
hupehense,472,M,M,1,TRUE,M472V
hupehense,475,I,L,0.997,FALSE,L475I
corylifoli,76,S,S,1,TRUE,S76N
corylifoli,95,T,S,1,FALSE,S95T
corylifoli,157,S,V,1,FALSE,V157S
corylifoli,219,L,L,1,TRUE,L219C/V
corylifoli,225,L,I,0.987,FALSE,I225L
corylifoli,226,F,Y,1,FALSE,Y226F
corylifoli,230,A,A,1,TRUE,A230T
corylifoli,249,E,E,0.994,TRUE,E249D
corylifoli,251,M,M,1,TRUE,M251I
corylifoli,255,V,V,1,TRUE,V255I
corylifoli,262,A,V,1,FALSE,V262A/T
corylifoli,279,T,T,1,TRUE,T279S
corylifoli,309,M,M,1,TRUE,M309I
corylifoli,317,G,A,1,FALSE,A317G
corylifoli,328,A,A,1,TRUE,A328S/G
corylifoli,340,D,E,1,FALSE,E340D
corylifoli,429,Q,Q,1,TRUE,Q429K
corylifoli,449,S,C,1,FALSE,C449S/A
corylifoli,461,V,V,1,TRUE,V461I
corylifoli,472,V,M,1,FALSE,M472V
corylifoli,475,-,L,0.997,NA,L475I
amplifoliu,76,S,S,1,TRUE,S76N
amplifoliu,95,S,S,1,TRUE,S95T
amplifoliu,157,V,V,1,TRUE,V157S
amplifoliu,219,L,L,1,TRUE,L219C/V
amplifoliu,225,L,I,0.987,FALSE,I225L
amplifoliu,226,Y,Y,1,TRUE,Y226F
amplifoliu,230,A,A,1,TRUE,A230T
amplifoliu,249,E,E,0.994,TRUE,E249D
amplifoliu,251,I,M,1,FALSE,M251I
amplifoliu,255,V,V,1,TRUE,V255I
amplifoliu,262,V,V,1,TRUE,V262A/T
amplifoliu,279,S,T,1,FALSE,T279S
amplifoliu,309,M,M,1,TRUE,M309I
amplifoliu,317,A,A,1,TRUE,A317G
amplifoliu,328,A,A,1,TRUE,A328S/G
amplifoliu,340,E,E,1,TRUE,E340D
amplifoliu,429,K,Q,1,FALSE,Q429K
amplifoliu,449,S,C,1,FALSE,C449S/A
amplifoliu,461,V,V,1,TRUE,V461I
amplifoliu,472,M,M,1,TRUE,M472V
amplifoliu,475,L,L,0.997,TRUE,L475I
sargentii,76,S,S,1,TRUE,S76N
sargentii,95,S,S,1,TRUE,S95T
sargentii,157,V,V,1,TRUE,V157S
sargentii,219,L,L,1,TRUE,L219C/V
sargentii,225,I,I,0.987,TRUE,I225L
sargentii,226,F,Y,1,FALSE,Y226F
sargentii,230,A,A,1,TRUE,A230T
sargentii,249,D,E,0.994,FALSE,E249D
sargentii,251,M,M,1,TRUE,M251I
sargentii,255,V,V,1,TRUE,V255I
sargentii,262,V,V,1,TRUE,V262A/T
sargentii,279,T,T,1,TRUE,T279S
sargentii,309,M,M,1,TRUE,M309I
sargentii,317,A,A,1,TRUE,A317G
sargentii,328,A,A,1,TRUE,A328S/G
sargentii,340,D,E,1,FALSE,E340D
sargentii,429,Q,Q,1,TRUE,Q429K
sargentii,449,S,C,1,FALSE,C449S/A
sargentii,461,V,V,1,TRUE,V461I
sargentii,472,M,M,1,TRUE,M472V
sargentii,475,I,L,0.997,FALSE,L475I
glabratum,76,N,S,1,FALSE,S76N
glabratum,95,S,S,1,TRUE,S95T
glabratum,157,V,V,1,TRUE,V157S
glabratum,219,C,L,1,FALSE,L219C/V
glabratum,225,L,I,0.987,FALSE,I225L
glabratum,226,Y,Y,1,TRUE,Y226F
glabratum,230,A,A,1,TRUE,A230T
glabratum,249,D,E,0.994,FALSE,E249D
glabratum,251,M,M,1,TRUE,M251I
glabratum,255,V,V,1,TRUE,V255I
glabratum,262,V,V,1,TRUE,V262A/T
glabratum,279,T,T,1,TRUE,T279S
glabratum,309,M,M,1,TRUE,M309I
glabratum,317,A,A,1,TRUE,A317G
glabratum,328,A,A,1,TRUE,A328S/G
glabratum,340,E,E,1,TRUE,E340D
glabratum,429,Q,Q,1,TRUE,Q429K
glabratum,449,S,C,1,FALSE,C449S/A
glabratum,461,V,V,1,TRUE,V461I
glabratum,472,M,M,1,TRUE,M472V
glabratum,475,-,L,0.997,NA,L475I
lancifoliu,76,S,S,1,TRUE,S76N
lancifoliu,95,T,S,1,FALSE,S95T
lancifoliu,157,S,V,1,FALSE,V157S
lancifoliu,219,-,L,1,NA,L219C/V
lancifoliu,225,-,I,0.987,NA,I225L
lancifoliu,226,-,Y,1,NA,Y226F
lancifoliu,230,-,A,1,NA,A230T
lancifoliu,249,-,E,0.994,NA,E249D
lancifoliu,251,-,M,1,NA,M251I
lancifoliu,255,-,V,1,NA,V255I
lancifoliu,262,-,V,1,NA,V262A/T
lancifoliu,279,-,T,1,NA,T279S
lancifoliu,309,-,M,1,NA,M309I
lancifoliu,317,-,A,1,NA,A317G
lancifoliu,328,-,A,1,NA,A328S/G
lancifoliu,340,-,E,1,NA,E340D
lancifoliu,429,-,Q,1,NA,Q429K
lancifoliu,449,-,C,1,NA,C449S/A
lancifoliu,461,-,V,1,NA,V461I
lancifoliu,472,-,M,1,NA,M472V
lancifoliu,475,-,L,0.997,NA,L475I
molle,76,S,S,1,TRUE,S76N
molle,95,S,S,1,TRUE,S95T
molle,157,V,V,1,TRUE,V157S
molle,219,L,L,1,TRUE,L219C/V
molle,225,I,I,0.987,TRUE,I225L
molle,226,Y,Y,1,TRUE,Y226F
molle,230,A,A,1,TRUE,A230T
molle,249,D,E,0.994,FALSE,E249D
molle,251,M,M,1,TRUE,M251I
molle,255,V,V,1,TRUE,V255I
molle,262,V,V,1,TRUE,V262A/T
molle,279,T,T,1,TRUE,T279S
molle,309,M,M,1,TRUE,M309I
molle,317,A,A,1,TRUE,A317G
molle,328,A,A,1,TRUE,A328S/G
molle,340,D,E,1,FALSE,E340D
molle,429,Q,Q,1,TRUE,Q429K
molle,449,C,C,1,TRUE,C449S/A
molle,461,V,V,1,TRUE,V461I
molle,472,M,M,1,TRUE,M472V
molle,475,I,L,0.997,FALSE,L475I
congestum,76,S,S,1,TRUE,S76N
congestum,95,S,S,1,TRUE,S95T
congestum,157,V,V,1,TRUE,V157S
congestum,219,L,L,1,TRUE,L219C/V
congestum,225,L,I,0.987,FALSE,I225L
congestum,226,Y,Y,1,TRUE,Y226F
congestum,230,A,A,1,TRUE,A230T
congestum,249,D,E,0.994,FALSE,E249D
congestum,251,M,M,1,TRUE,M251I
congestum,255,V,V,1,TRUE,V255I
congestum,262,V,V,1,TRUE,V262A/T
congestum,279,T,T,1,TRUE,T279S
congestum,309,M,M,1,TRUE,M309I
congestum,317,A,A,1,TRUE,A317G
congestum,328,A,A,1,TRUE,A328S/G
congestum,340,E,E,1,TRUE,E340D
congestum,429,Q,Q,1,TRUE,Q429K
congestum,449,C,C,1,TRUE,C449S/A
congestum,461,V,V,1,TRUE,V461I
congestum,472,M,M,1,TRUE,M472V
congestum,475,L,L,0.997,TRUE,L475I
rhytidophy,76,S,S,1,TRUE,S76N
rhytidophy,95,S,S,1,TRUE,S95T
rhytidophy,157,V,V,1,TRUE,V157S
rhytidophy,219,L,L,1,TRUE,L219C/V
rhytidophy,225,L,I,0.987,FALSE,I225L
rhytidophy,226,Y,Y,1,TRUE,Y226F
rhytidophy,230,A,A,1,TRUE,A230T
rhytidophy,249,D,E,0.994,FALSE,E249D
rhytidophy,251,M,M,1,TRUE,M251I
rhytidophy,255,V,V,1,TRUE,V255I
rhytidophy,262,V,V,1,TRUE,V262A/T
rhytidophy,279,T,T,1,TRUE,T279S
rhytidophy,309,M,M,1,TRUE,M309I
rhytidophy,317,A,A,1,TRUE,A317G
rhytidophy,328,A,A,1,TRUE,A328S/G
rhytidophy,340,E,E,1,TRUE,E340D
rhytidophy,429,Q,Q,1,TRUE,Q429K
rhytidophy,449,C,C,1,TRUE,C449S/A
rhytidophy,461,V,V,1,TRUE,V461I
rhytidophy,472,M,M,1,TRUE,M472V
rhytidophy,475,L,L,0.997,TRUE,L475I
melanocarp,76,S,S,1,TRUE,S76N
melanocarp,95,T,S,1,FALSE,S95T
melanocarp,157,V,V,1,TRUE,V157S
melanocarp,219,L,L,1,TRUE,L219C/V
melanocarp,225,I,I,0.987,TRUE,I225L
melanocarp,226,Y,Y,1,TRUE,Y226F
melanocarp,230,A,A,1,TRUE,A230T
melanocarp,249,D,E,0.994,FALSE,E249D
melanocarp,251,M,M,1,TRUE,M251I
melanocarp,255,V,V,1,TRUE,V255I
melanocarp,262,V,V,1,TRUE,V262A/T
melanocarp,279,T,T,1,TRUE,T279S
melanocarp,309,M,M,1,TRUE,M309I
melanocarp,317,A,A,1,TRUE,A317G
melanocarp,328,A,A,1,TRUE,A328S/G
melanocarp,340,D,E,1,FALSE,E340D
melanocarp,429,Q,Q,1,TRUE,Q429K
melanocarp,449,C,C,1,TRUE,C449S/A
melanocarp,461,V,V,1,TRUE,V461I
melanocarp,472,M,M,1,TRUE,M472V
melanocarp,475,I,L,0.997,FALSE,L475I
acerifoliu,76,S,S,1,TRUE,S76N
acerifoliu,95,S,S,1,TRUE,S95T
acerifoliu,157,V,V,1,TRUE,V157S
acerifoliu,219,L,L,1,TRUE,L219C/V
acerifoliu,225,I,I,0.987,TRUE,I225L
acerifoliu,226,Y,Y,1,TRUE,Y226F
acerifoliu,230,A,A,1,TRUE,A230T
acerifoliu,249,D,E,0.994,FALSE,E249D
acerifoliu,251,M,M,1,TRUE,M251I
acerifoliu,255,V,V,1,TRUE,V255I
acerifoliu,262,V,V,1,TRUE,V262A/T
acerifoliu,279,T,T,1,TRUE,T279S
acerifoliu,309,M,M,1,TRUE,M309I
acerifoliu,317,A,A,1,TRUE,A317G
acerifoliu,328,A,A,1,TRUE,A328S/G
acerifoliu,340,E,E,1,TRUE,E340D
acerifoliu,429,Q,Q,1,TRUE,Q429K
acerifoliu,449,S,C,1,FALSE,C449S/A
acerifoliu,461,V,V,1,TRUE,V461I
acerifoliu,472,M,M,1,TRUE,M472V
acerifoliu,475,L,L,0.997,TRUE,L475I
