Site,ClimateVariable,PostHoc,AA,Letter,Signif
76,MeanTempAnnual_median,,S,,FALSE
76,MeanTempAnnual_median,,N,,FALSE
95,MeanTempAnnual_median,,T,,FALSE
95,MeanTempAnnual_median,,S,,FALSE
219,MeanTempAnnual_median,,V,a,TRUE
219,MeanTempAnnual_median,,C,ab,TRUE
219,MeanTempAnnual_median,,L,b,TRUE
225,MeanTempAnnual_median,,L,,FALSE
225,MeanTempAnnual_median,,I,,FALSE
226,MeanTempAnnual_median,,Y,,FALSE
226,MeanTempAnnual_median,,F,,FALSE
249,MeanTempAnnual_median,,E,,FALSE
249,MeanTempAnnual_median,,D,,FALSE
251,MeanTempAnnual_median,,M,,FALSE
251,MeanTempAnnual_median,,I,,FALSE
255,MeanTempAnnual_median,,V,,FALSE
255,MeanTempAnnual_median,,I,,FALSE
262,MeanTempAnnual_median,,V,,FALSE
262,MeanTempAnnual_median,,A,,FALSE
262,MeanTempAnnual_median,,T,,FALSE
279,MeanTempAnnual_median,,T,,FALSE
279,MeanTempAnnual_median,,S,,FALSE
309,MeanTempAnnual_median,,M,,FALSE
309,MeanTempAnnual_median,,I,,FALSE
317,MeanTempAnnual_median,,A,,FALSE
317,MeanTempAnnual_median,,G,,FALSE
328,MeanTempAnnual_median,,A,,FALSE
328,MeanTempAnnual_median,,S,,FALSE
328,MeanTempAnnual_median,,G,,FALSE
340,MeanTempAnnual_median,,E,,FALSE
340,MeanTempAnnual_median,,D,,FALSE
449,MeanTempAnnual_median,,A,,FALSE
449,MeanTempAnnual_median,,C,,FALSE
449,MeanTempAnnual_median,,S,,FALSE
475,MeanTempAnnual_median,,L,,FALSE
475,MeanTempAnnual_median,,I,,FALSE
76,MeanTempColdQuarter_median,,S,,FALSE
76,MeanTempColdQuarter_median,,N,,FALSE
95,MeanTempColdQuarter_median,,T,,FALSE
95,MeanTempColdQuarter_median,,S,,FALSE
219,MeanTempColdQuarter_median,,V,a,TRUE
219,MeanTempColdQuarter_median,,C,ab,TRUE
219,MeanTempColdQuarter_median,,L,b,TRUE
225,MeanTempColdQuarter_median,,L,,FALSE
225,MeanTempColdQuarter_median,,I,,FALSE
226,MeanTempColdQuarter_median,,Y,,FALSE
226,MeanTempColdQuarter_median,,F,,FALSE
249,MeanTempColdQuarter_median,,E,,FALSE
249,MeanTempColdQuarter_median,,D,,FALSE
251,MeanTempColdQuarter_median,,M,,FALSE
251,MeanTempColdQuarter_median,,I,,FALSE
255,MeanTempColdQuarter_median,,V,,FALSE
255,MeanTempColdQuarter_median,,I,,FALSE
262,MeanTempColdQuarter_median,,V,,FALSE
262,MeanTempColdQuarter_median,,A,,FALSE
262,MeanTempColdQuarter_median,,T,,FALSE
279,MeanTempColdQuarter_median,,T,,FALSE
279,MeanTempColdQuarter_median,,S,,FALSE
309,MeanTempColdQuarter_median,,M,,FALSE
309,MeanTempColdQuarter_median,,I,,FALSE
317,MeanTempColdQuarter_median,,A,,FALSE
317,MeanTempColdQuarter_median,,G,,FALSE
328,MeanTempColdQuarter_median,,A,,FALSE
328,MeanTempColdQuarter_median,,S,,FALSE
328,MeanTempColdQuarter_median,,G,,FALSE
340,MeanTempColdQuarter_median,,E,,FALSE
340,MeanTempColdQuarter_median,,D,,FALSE
449,MeanTempColdQuarter_median,,A,,FALSE
449,MeanTempColdQuarter_median,,C,,FALSE
449,MeanTempColdQuarter_median,,S,,FALSE
475,MeanTempColdQuarter_median,,L,,FALSE
475,MeanTempColdQuarter_median,,I,,FALSE
76,MeanTempWarmQuarter_median,,S,,FALSE
76,MeanTempWarmQuarter_median,,N,,FALSE
95,MeanTempWarmQuarter_median,,T,,FALSE
95,MeanTempWarmQuarter_median,,S,,FALSE
219,MeanTempWarmQuarter_median,,V,,FALSE
219,MeanTempWarmQuarter_median,,C,,FALSE
219,MeanTempWarmQuarter_median,,L,,FALSE
225,MeanTempWarmQuarter_median,,L,,FALSE
225,MeanTempWarmQuarter_median,,I,,FALSE
226,MeanTempWarmQuarter_median,,Y,,FALSE
226,MeanTempWarmQuarter_median,,F,,FALSE
249,MeanTempWarmQuarter_median,,E,,FALSE
249,MeanTempWarmQuarter_median,,D,,FALSE
251,MeanTempWarmQuarter_median,,M,,FALSE
251,MeanTempWarmQuarter_median,,I,,FALSE
255,MeanTempWarmQuarter_median,,V,,FALSE
255,MeanTempWarmQuarter_median,,I,,FALSE
262,MeanTempWarmQuarter_median,,V,,FALSE
262,MeanTempWarmQuarter_median,,A,,FALSE
262,MeanTempWarmQuarter_median,,T,,FALSE
279,MeanTempWarmQuarter_median,,T,,FALSE
279,MeanTempWarmQuarter_median,,S,,FALSE
309,MeanTempWarmQuarter_median,,M,,FALSE
309,MeanTempWarmQuarter_median,,I,,FALSE
317,MeanTempWarmQuarter_median,,A,,FALSE
317,MeanTempWarmQuarter_median,,G,,FALSE
328,MeanTempWarmQuarter_median,,A,,FALSE
328,MeanTempWarmQuarter_median,,S,,FALSE
328,MeanTempWarmQuarter_median,,G,,FALSE
340,MeanTempWarmQuarter_median,,E,,FALSE
340,MeanTempWarmQuarter_median,,D,,FALSE
449,MeanTempWarmQuarter_median,,A,,FALSE
449,MeanTempWarmQuarter_median,,C,,FALSE
449,MeanTempWarmQuarter_median,,S,,FALSE
475,MeanTempWarmQuarter_median,,L,,FALSE
475,MeanTempWarmQuarter_median,,I,,FALSE
76,PrecipAnnual_median,,S,,FALSE
76,PrecipAnnual_median,,N,,FALSE
95,PrecipAnnual_median,,T,,FALSE
95,PrecipAnnual_median,,S,,FALSE
219,PrecipAnnual_median,,V,,FALSE
219,PrecipAnnual_median,,C,,FALSE
219,PrecipAnnual_median,,L,,FALSE
225,PrecipAnnual_median,,L,,FALSE
225,PrecipAnnual_median,,I,,FALSE
226,PrecipAnnual_median,,Y,,FALSE
226,PrecipAnnual_median,,F,,FALSE
249,PrecipAnnual_median,,E,,FALSE
249,PrecipAnnual_median,,D,,FALSE
251,PrecipAnnual_median,,M,,FALSE
251,PrecipAnnual_median,,I,,FALSE
255,PrecipAnnual_median,,V,,FALSE
255,PrecipAnnual_median,,I,,FALSE
262,PrecipAnnual_median,,V,,FALSE
262,PrecipAnnual_median,,A,,FALSE
262,PrecipAnnual_median,,T,,FALSE
279,PrecipAnnual_median,,T,,FALSE
279,PrecipAnnual_median,,S,,FALSE
309,PrecipAnnual_median,,M,,FALSE
309,PrecipAnnual_median,,I,,FALSE
317,PrecipAnnual_median,,A,,FALSE
317,PrecipAnnual_median,,G,,FALSE
328,PrecipAnnual_median,,A,,FALSE
328,PrecipAnnual_median,,S,,FALSE
328,PrecipAnnual_median,,G,,FALSE
340,PrecipAnnual_median,,E,,FALSE
340,PrecipAnnual_median,,D,,FALSE
449,PrecipAnnual_median,,A,,FALSE
449,PrecipAnnual_median,,C,,FALSE
449,PrecipAnnual_median,,S,,FALSE
475,PrecipAnnual_median,,L,,FALSE
475,PrecipAnnual_median,,I,,FALSE
76,TempSeasonality_median,,S,a,TRUE
76,TempSeasonality_median,,N,b,TRUE
95,TempSeasonality_median,,T,,FALSE
95,TempSeasonality_median,,S,,FALSE
219,TempSeasonality_median,,V,a,TRUE
219,TempSeasonality_median,,C,a,TRUE
219,TempSeasonality_median,,L,b,TRUE
225,TempSeasonality_median,,L,,FALSE
225,TempSeasonality_median,,I,,FALSE
226,TempSeasonality_median,,Y,,FALSE
226,TempSeasonality_median,,F,,FALSE
249,TempSeasonality_median,,E,,FALSE
249,TempSeasonality_median,,D,,FALSE
251,TempSeasonality_median,,M,,FALSE
251,TempSeasonality_median,,I,,FALSE
255,TempSeasonality_median,,V,,FALSE
255,TempSeasonality_median,,I,,FALSE
262,TempSeasonality_median,,V,,FALSE
262,TempSeasonality_median,,A,,FALSE
262,TempSeasonality_median,,T,,FALSE
279,TempSeasonality_median,,T,,FALSE
279,TempSeasonality_median,,S,,FALSE
309,TempSeasonality_median,,M,,FALSE
309,TempSeasonality_median,,I,,FALSE
317,TempSeasonality_median,,A,,FALSE
317,TempSeasonality_median,,G,,FALSE
328,TempSeasonality_median,,A,,FALSE
328,TempSeasonality_median,,S,,FALSE
328,TempSeasonality_median,,G,,FALSE
340,TempSeasonality_median,,E,,FALSE
340,TempSeasonality_median,,D,,FALSE
449,TempSeasonality_median,,A,,FALSE
449,TempSeasonality_median,,C,,FALSE
449,TempSeasonality_median,,S,,FALSE
475,TempSeasonality_median,,L,,FALSE
475,TempSeasonality_median,,I,,FALSE
