missing,source,WHY,FOUND_ACCESSION?
acerifolium,landis,accession # not in supplemental,AF446927
caudatum,landis,no rbcL data,NA
chunii,landis,accession # not in supplemental,NA
corymbiflorum,landis,no rbcL data,NA
costaricanum,landis,no rbcL data,NA
dalzielii,landis,accession # not in supplemental,NA
garrettii,landis,accession # not in supplemental,NA
hainanense,landis,accession # not in supplemental,NA
hartwegii,landis,no rbcL data,NA
hondurense,landis,accession # not in supplemental,NA
junghunii,landis,accession # not in supplemental,NA
kansuense,landis,accession # not in supplemental,HQ591735
koreanum,landis,no rbcL data,NA
longiradiatum,landis,accession # not in supplemental,NA
orientale,landis,accession # not in supplemental,HQ591753
shweliense,landis,accession # not in supplemental,NA
tengyuehense,landis,accession # not in supplemental,NA
wardii,landis,accession # not in supplemental,NA