usageKey,scientificName,canonicalName,rank,status,confidence,matchType,kingdom,phylum,order,family,genus,species,kingdomKey,phylumKey,classKey,orderKey,familyKey,genusKey,speciesKey,synonym,class,verbatim_name,acceptedUsageKey
3857121,Viburnum orientale Pall.,Viburnum orientale,SPECIES,ACCEPTED,99,EXACT,Plantae,Tracheophyta,Dipsacales,Viburnaceae,Viburnum,Viburnum orientale,6,7707728,220,946,4924416,2888580,3857121,FALSE,Magnoliopsida,Viburnum orientale,NA
3856659,Viburnum kansuense Batalin,Viburnum kansuense,SPECIES,ACCEPTED,99,EXACT,Plantae,Tracheophyta,Dipsacales,Viburnaceae,Viburnum,Viburnum kansuense,6,7707728,220,946,4924416,2888580,3856659,FALSE,Magnoliopsida,Viburnum kansuense,NA
2888596,Viburnum acerifolium L.,Viburnum acerifolium,SPECIES,ACCEPTED,97,EXACT,Plantae,Tracheophyta,Dipsacales,Viburnaceae,Viburnum,Viburnum acerifolium,6,7707728,220,946,4924416,2888580,2888596,FALSE,Magnoliopsida,Viburnum acerifolium,NA
7713626,Viburnum acerifolium Bong.,Viburnum acerifolium,SPECIES,SYNONYM,97,EXACT,Plantae,Tracheophyta,Dipsacales,Viburnaceae,Viburnum,Viburnum edule,6,7707728,220,946,4924416,2888580,2888613,TRUE,Magnoliopsida,Viburnum acerifolium,2888613
8887732,Viburnum acerifolium Gueldenst.,Viburnum acerifolium,SPECIES,SYNONYM,97,EXACT,Plantae,Tracheophyta,Dipsacales,Viburnaceae,Viburnum,Viburnum orientale,6,7707728,220,946,4924416,2888580,3857121,TRUE,Magnoliopsida,Viburnum acerifolium,3857121
9031273,Viburnum acerifolium Gueldenst. ex Ledeb.,Viburnum acerifolium,SPECIES,SYNONYM,97,EXACT,Plantae,Tracheophyta,Dipsacales,Viburnaceae,Viburnum,Viburnum orientale,6,7707728,220,946,4924416,2888580,3857121,TRUE,Magnoliopsida,Viburnum acerifolium,3857121
7653512,Viburnum villosum Sw.,Viburnum villosum,SPECIES,ACCEPTED,97,EXACT,Plantae,Tracheophyta,Dipsacales,Viburnaceae,Viburnum,Viburnum villosum,6,7707728,220,946,4924416,2888580,7653512,FALSE,Magnoliopsida,Viburnum villosum,NA
7387641,Viburnum villosum Raf.,Viburnum villosum,SPECIES,SYNONYM,97,EXACT,Plantae,Tracheophyta,Dipsacales,Viburnaceae,Viburnum,Viburnum dentatum,6,7707728,220,946,4924416,2888580,2888594,TRUE,Magnoliopsida,Viburnum villosum,2888594
7272653,Viburnum villosum Ridl.,Viburnum villosum,SPECIES,SYNONYM,97,EXACT,Plantae,Tracheophyta,Dipsacales,Viburnaceae,Viburnum,Viburnum sambucinum,6,7707728,220,946,4924416,2888580,3856151,TRUE,Magnoliopsida,Viburnum villosum,7478925
3856927,Viburnum venustum Morton,Viburnum venustum,SPECIES,ACCEPTED,99,EXACT,Plantae,Tracheophyta,Dipsacales,Viburnaceae,Viburnum,Viburnum venustum,6,7707728,220,946,4924416,2888580,3856927,FALSE,Magnoliopsida,Viburnum venustum,NA
3857091,Viburnum undulatum (Oerst.) Killip & A.C.Sm.,Viburnum undulatum,SPECIES,ACCEPTED,99,EXACT,Plantae,Tracheophyta,Dipsacales,Viburnaceae,Viburnum,Viburnum undulatum,6,7707728,220,946,4924416,2888580,3857091,FALSE,Magnoliopsida,Viburnum undulatum,NA
7272705,Viburnum triphyllum Benth.,Viburnum triphyllum,SPECIES,ACCEPTED,99,EXACT,Plantae,Tracheophyta,Dipsacales,Viburnaceae,Viburnum,Viburnum triphyllum,6,7707728,220,946,4924416,2888580,7272705,FALSE,Magnoliopsida,Viburnum triphyllum,NA
3857277,Viburnum toronis Killip & A.C.Sm.,Viburnum toronis,SPECIES,ACCEPTED,99,EXACT,Plantae,Tracheophyta,Dipsacales,Viburnaceae,Viburnum,Viburnum toronis,6,7707728,220,946,4924416,2888580,3857277,FALSE,Magnoliopsida,Viburnum toronis,NA
7881568,Viburnum tinoides L.fil.,Viburnum tinoides,SPECIES,ACCEPTED,97,EXACT,Plantae,Tracheophyta,Dipsacales,Viburnaceae,Viburnum,Viburnum tinoides,6,7707728,220,946,4924416,2888580,7881568,FALSE,Magnoliopsida,Viburnum tinoides,NA
8500819,Viburnum tinoides Mutis,Viburnum tinoides,SPECIES,SYNONYM,97,EXACT,Plantae,Tracheophyta,Dipsacales,Viburnaceae,Viburnum,Viburnum ayavacense,6,7707728,220,946,4924416,2888580,3855461,TRUE,Magnoliopsida,Viburnum tinoides,3855461
7272740,Viburnum tinoides Mutis ex Kunth,Viburnum tinoides,SPECIES,SYNONYM,97,EXACT,Plantae,Tracheophyta,Dipsacales,Viburnaceae,Viburnum,Viburnum ayavacense,6,7707728,220,946,4924416,2888580,3855461,TRUE,Magnoliopsida,Viburnum tinoides,3855461
3855537,Viburnum sulcatum (Oerst.) Hemsl.,Viburnum sulcatum,SPECIES,ACCEPTED,99,EXACT,Plantae,Tracheophyta,Dipsacales,Viburnaceae,Viburnum,Viburnum sulcatum,6,7707728,220,946,4924416,2888580,3855537,FALSE,Magnoliopsida,Viburnum sulcatum,NA
3855547,Viburnum subsessile Killip & A.C.Sm.,Viburnum subsessile,SPECIES,ACCEPTED,99,EXACT,Plantae,Tracheophyta,Dipsacales,Viburnaceae,Viburnum,Viburnum subsessile,6,7707728,220,946,4924416,2888580,3855547,FALSE,Magnoliopsida,Viburnum subsessile,NA
9745185,Viburnum stipitatum J.H.Vargas,Viburnum stipitatum,SPECIES,ACCEPTED,99,EXACT,Plantae,Tracheophyta,Dipsacales,Viburnaceae,Viburnum,Viburnum stipitatum,6,7707728,220,946,4924416,2888580,9745185,FALSE,Magnoliopsida,Viburnum stipitatum,NA
3855655,Viburnum stenocalyx (Oerst.) Hemsl.,Viburnum stenocalyx,SPECIES,ACCEPTED,99,EXACT,Plantae,Tracheophyta,Dipsacales,Viburnaceae,Viburnum,Viburnum stenocalyx,6,7707728,220,946,4924416,2888580,3855655,FALSE,Magnoliopsida,Viburnum stenocalyx,NA
3855688,Viburnum stellato-tomentosum (Oerst.) Hemsl.,Viburnum stellato-tomentosum,SPECIES,ACCEPTED,99,EXACT,Plantae,Tracheophyta,Dipsacales,Viburnaceae,Viburnum,Viburnum stellato-tomentosum,6,7707728,220,946,4924416,2888580,3855688,FALSE,Magnoliopsida,Viburnum stellato-tomentosum,NA
7272533,Viburnum seemenii Graebn.,Viburnum seemenii,SPECIES,ACCEPTED,99,EXACT,Plantae,Tracheophyta,Dipsacales,Viburnaceae,Viburnum,Viburnum seemenii,6,7707728,220,946,4924416,2888580,7272533,FALSE,Magnoliopsida,Viburnum seemenii,NA
7272658,Viburnum pichinchense Benth.,Viburnum pichinchense,SPECIES,ACCEPTED,99,EXACT,Plantae,Tracheophyta,Dipsacales,Viburnaceae,Viburnum,Viburnum pichinchense,6,7707728,220,946,4924416,2888580,7272658,FALSE,Magnoliopsida,Viburnum pichinchense,NA
3857455,Viburnum obtusatum D.N.Gibson,Viburnum obtusatum,SPECIES,ACCEPTED,99,EXACT,Plantae,Tracheophyta,Dipsacales,Viburnaceae,Viburnum,Viburnum obtusatum,6,7707728,220,946,4924416,2888580,3857455,FALSE,Magnoliopsida,Viburnum obtusatum,NA
9799800,Viburnum obtectum J.H.Vargas,Viburnum obtectum,SPECIES,ACCEPTED,99,EXACT,Plantae,Tracheophyta,Dipsacales,Viburnaceae,Viburnum,Viburnum obtectum,6,7707728,220,946,4924416,2888580,9799800,FALSE,Magnoliopsida,Viburnum obtectum,NA
3855755,Viburnum microphyllum (Oerst.) Hemsl.,Viburnum microphyllum,SPECIES,SYNONYM,98,EXACT,Plantae,Tracheophyta,Dipsacales,Viburnaceae,Viburnum,Viburnum acutifolium,6,7707728,220,946,4924416,2888580,3855985,TRUE,Magnoliopsida,Viburnum microphyllum,11016949
7272510,Viburnum microcarpum Cham. & Schltdl.,Viburnum microcarpum,SPECIES,ACCEPTED,99,EXACT,Plantae,Tracheophyta,Dipsacales,Viburnaceae,Viburnum,Viburnum microcarpum,6,7707728,220,946,4924416,2888580,7272510,FALSE,Magnoliopsida,Viburnum microcarpum,NA
3856182,Viburnum loeseneri Graebn.,Viburnum loeseneri,SPECIES,ACCEPTED,99,EXACT,Plantae,Tracheophyta,Dipsacales,Viburnaceae,Viburnum,Viburnum loeseneri,6,7707728,220,946,4924416,2888580,3856182,FALSE,Magnoliopsida,Viburnum loeseneri,NA
3856417,Viburnum lautum C.V.Morton,Viburnum lautum,SPECIES,SYNONYM,98,EXACT,Plantae,Tracheophyta,Dipsacales,Viburnaceae,Viburnum,Viburnum acutifolium,6,7707728,220,946,4924416,2888580,3855985,TRUE,Magnoliopsida,Viburnum lautum,10982365
3856482,Viburnum lasiophyllum Benth.,Viburnum lasiophyllum,SPECIES,ACCEPTED,99,EXACT,Plantae,Tracheophyta,Dipsacales,Viburnaceae,Viburnum,Viburnum lasiophyllum,6,7707728,220,946,4924416,2888580,3856482,FALSE,Magnoliopsida,Viburnum lasiophyllum,NA
7272636,Viburnum jucundum Morton,Viburnum jucundum,SPECIES,ACCEPTED,99,EXACT,Plantae,Tracheophyta,Dipsacales,Viburnaceae,Viburnum,Viburnum jucundum,6,7707728,220,946,4924416,2888580,7272636,FALSE,Magnoliopsida,Viburnum jucundum,NA
3856784,Viburnum jamesonii (Oerst.) Killip & A.C.Sm.,Viburnum jamesonii,SPECIES,ACCEPTED,99,EXACT,Plantae,Tracheophyta,Dipsacales,Viburnaceae,Viburnum,Viburnum jamesonii,6,7707728,220,946,4924416,2888580,3856784,FALSE,Magnoliopsida,Viburnum jamesonii,NA
7696227,Viburnum hallii (Oerst.) Killip & A.C.Sm.,Viburnum hallii,SPECIES,ACCEPTED,99,EXACT,Plantae,Tracheophyta,Dipsacales,Viburnaceae,Viburnum,Viburnum hallii,6,7707728,220,946,4924416,2888580,7696227,FALSE,Magnoliopsida,Viburnum hallii,NA
7272750,Viburnum glabratum Kunth Nov.Gen. & Spec.,Viburnum glabratum,SPECIES,ACCEPTED,99,EXACT,Plantae,Tracheophyta,Dipsacales,Viburnaceae,Viburnum,Viburnum glabratum,6,7707728,220,946,4924416,2888580,7272750,FALSE,Magnoliopsida,Viburnum glabratum,NA
3855918,Viburnum divaricatum Benth.,Viburnum divaricatum,SPECIES,ACCEPTED,99,EXACT,Plantae,Tracheophyta,Dipsacales,Viburnaceae,Viburnum,Viburnum divaricatum,6,7707728,220,946,4924416,2888580,3855918,FALSE,Magnoliopsida,Viburnum divaricatum,NA
7272527,Viburnum disjunctum Morton,Viburnum disjunctum,SPECIES,ACCEPTED,99,EXACT,Plantae,Tracheophyta,Dipsacales,Viburnaceae,Viburnum,Viburnum disjunctum,6,7707728,220,946,4924416,2888580,7272527,FALSE,Magnoliopsida,Viburnum disjunctum,NA
7272531,Viburnum discolor Benth.,Viburnum discolor,SPECIES,ACCEPTED,99,EXACT,Plantae,Tracheophyta,Dipsacales,Viburnaceae,Viburnum,Viburnum discolor,6,7707728,220,946,4924416,2888580,7272531,FALSE,Magnoliopsida,Viburnum discolor,NA
3856909,Viburnum ciliatum Greenm.,Viburnum ciliatum,SPECIES,ACCEPTED,99,EXACT,Plantae,Tracheophyta,Dipsacales,Viburnaceae,Viburnum,Viburnum ciliatum,6,7707728,220,946,4924416,2888580,3856909,FALSE,Magnoliopsida,Viburnum ciliatum,NA
3855389,Viburnum blandum Morton,Viburnum blandum,SPECIES,ACCEPTED,99,EXACT,Plantae,Tracheophyta,Dipsacales,Viburnaceae,Viburnum,Viburnum blandum,6,7707728,220,946,4924416,2888580,3855389,FALSE,Magnoliopsida,Viburnum blandum,NA
3855461,Viburnum ayavacense Kunth,Viburnum ayavacense,SPECIES,ACCEPTED,99,EXACT,Plantae,Tracheophyta,Dipsacales,Viburnaceae,Viburnum,Viburnum ayavacense,6,7707728,220,946,4924416,2888580,3855461,FALSE,Magnoliopsida,Viburnum ayavacense,NA
3855520,Viburnum australe Morton,Viburnum australe,SPECIES,ACCEPTED,99,EXACT,Plantae,Tracheophyta,Dipsacales,Viburnaceae,Viburnum,Viburnum australe,6,7707728,220,946,4924416,2888580,3855520,FALSE,Magnoliopsida,Viburnum australe,NA
3855745,Viburnum anabaptista Graebn.,Viburnum anabaptista,SPECIES,ACCEPTED,99,EXACT,Plantae,Tracheophyta,Dipsacales,Viburnaceae,Viburnum,Viburnum anabaptista,6,7707728,220,946,4924416,2888580,3855745,FALSE,Magnoliopsida,Viburnum anabaptista,NA
3855985,Viburnum acutifolium Benth.,Viburnum acutifolium,SPECIES,ACCEPTED,99,EXACT,Plantae,Tracheophyta,Dipsacales,Viburnaceae,Viburnum,Viburnum acutifolium,6,7707728,220,946,4924416,2888580,3855985,FALSE,Magnoliopsida,Viburnum acutifolium,NA
6369682,Viburnum scabrellum (Torr. & Gray) Chapm.,Viburnum scabrellum,SPECIES,SYNONYM,98,EXACT,Plantae,Tracheophyta,Dipsacales,Viburnaceae,Viburnum,Viburnum dentatum,6,7707728,220,946,4924416,2888580,2888594,TRUE,Magnoliopsida,Viburnum scabrellum,2888594
6369733,Viburnum recognitum Fernald,Viburnum recognitum,SPECIES,ACCEPTED,99,EXACT,Plantae,Tracheophyta,Dipsacales,Viburnaceae,Viburnum,Viburnum recognitum,6,7707728,220,946,4924416,2888580,6369733,FALSE,Magnoliopsida,Viburnum recognitum,NA
2888594,Viburnum dentatum L.,Viburnum dentatum,SPECIES,ACCEPTED,97,EXACT,Plantae,Tracheophyta,Dipsacales,Viburnaceae,Viburnum,Viburnum dentatum,6,7707728,220,946,4924416,2888580,2888594,FALSE,Magnoliopsida,Viburnum dentatum,NA
8093708,Viburnum dentatum Thunb.,Viburnum dentatum,SPECIES,SYNONYM,97,EXACT,Plantae,Tracheophyta,Dipsacales,Viburnaceae,Viburnum,Viburnum plicatum,6,7707728,220,946,4924416,2888580,2888622,TRUE,Magnoliopsida,Viburnum dentatum,2888624
2888606,Viburnum rafinesquianum Schult.,Viburnum rafinesquianum,SPECIES,ACCEPTED,99,EXACT,Plantae,Tracheophyta,Dipsacales,Viburnaceae,Viburnum,Viburnum rafinesquianum,6,7707728,220,946,4924416,2888580,2888606,FALSE,Magnoliopsida,Viburnum rafinesquianum,NA
2888618,Viburnum molle Michx.,Viburnum molle,SPECIES,ACCEPTED,99,EXACT,Plantae,Tracheophyta,Dipsacales,Viburnaceae,Viburnum,Viburnum molle,6,7707728,220,946,4924416,2888580,2888618,FALSE,Magnoliopsida,Viburnum molle,NA
2888599,Viburnum ellipticum Hook.,Viburnum ellipticum,SPECIES,ACCEPTED,99,EXACT,Plantae,Tracheophyta,Dipsacales,Viburnaceae,Viburnum,Viburnum ellipticum,6,7707728,220,946,4924416,2888580,2888599,FALSE,Magnoliopsida,Viburnum ellipticum,NA
2888598,Viburnum bracteatum Rehder,Viburnum bracteatum,SPECIES,ACCEPTED,99,EXACT,Plantae,Tracheophyta,Dipsacales,Viburnaceae,Viburnum,Viburnum bracteatum,6,7707728,220,946,4924416,2888580,2888598,FALSE,Magnoliopsida,Viburnum bracteatum,NA
3857198,Viburnum trilobum Marshall,Viburnum trilobum,SPECIES,SYNONYM,98,EXACT,Plantae,Tracheophyta,Dipsacales,Viburnaceae,Viburnum,Viburnum opulus,6,7707728,220,946,4924416,2888580,2888605,TRUE,Magnoliopsida,Viburnum trilobum,6369910
2888607,Viburnum sargentii Koehne,Viburnum sargentii,SPECIES,ACCEPTED,99,EXACT,Plantae,Tracheophyta,Dipsacales,Viburnaceae,Viburnum,Viburnum sargentii,6,7707728,220,946,4924416,2888580,2888607,FALSE,Magnoliopsida,Viburnum sargentii,NA
2888605,Viburnum opulus L.,Viburnum opulus,SPECIES,ACCEPTED,99,EXACT,Plantae,Tracheophyta,Dipsacales,Viburnaceae,Viburnum,Viburnum opulus,6,7707728,220,946,4924416,2888580,2888605,FALSE,Magnoliopsida,Viburnum opulus,NA
2888613,Viburnum edule (Michx.) Raf.,Viburnum edule,SPECIES,ACCEPTED,99,EXACT,Plantae,Tracheophyta,Dipsacales,Viburnaceae,Viburnum,Viburnum edule,6,7707728,220,946,4924416,2888580,2888613,FALSE,Magnoliopsida,Viburnum edule,NA
3856130,Viburnum wrightii Miq.,Viburnum wrightii,SPECIES,ACCEPTED,99,EXACT,Plantae,Tracheophyta,Dipsacales,Viburnaceae,Viburnum,Viburnum wrightii,6,7707728,220,946,4924416,2888580,3856130,FALSE,Magnoliopsida,Viburnum wrightii,NA
3857563,Viburnum tashiroi Nakai,Viburnum tashiroi,SPECIES,ACCEPTED,99,EXACT,Plantae,Tracheophyta,Dipsacales,Viburnaceae,Viburnum,Viburnum tashiroi,6,7707728,220,946,4924416,2888580,3857563,FALSE,Magnoliopsida,Viburnum tashiroi,NA
2888604,Viburnum setigerum Hance,Viburnum setigerum,SPECIES,ACCEPTED,99,EXACT,Plantae,Tracheophyta,Dipsacales,Viburnaceae,Viburnum,Viburnum setigerum,6,7707728,220,946,4924416,2888580,2888604,FALSE,Magnoliopsida,Viburnum setigerum,NA
3855952,Viburnum sempervirens K.Koch,Viburnum sempervirens,SPECIES,ACCEPTED,98,EXACT,Plantae,Tracheophyta,Dipsacales,Viburnaceae,Viburnum,Viburnum sempervirens,6,7707728,220,946,4924416,2888580,3855952,FALSE,Magnoliopsida,Viburnum sempervirens,NA
8022378,Viburnum sempervirens C.Koch,Viburnum sempervirens,SPECIES,DOUBTFUL,96,EXACT,Plantae,Tracheophyta,Dipsacales,Viburnaceae,Viburnum,Viburnum sempervirens,6,7707728,220,946,4924416,2888580,8022378,FALSE,Magnoliopsida,Viburnum sempervirens,NA
3856739,Viburnum propinquum Hemsl.,Viburnum propinquum,SPECIES,ACCEPTED,99,EXACT,Plantae,Tracheophyta,Dipsacales,Viburnaceae,Viburnum,Viburnum propinquum,6,7707728,220,946,4924416,2888580,3856739,FALSE,Magnoliopsida,Viburnum propinquum,NA
3856903,Viburnum phlebotrichum Siebold & Zucc.,Viburnum phlebotrichum,SPECIES,ACCEPTED,99,EXACT,Plantae,Tracheophyta,Dipsacales,Viburnaceae,Viburnum,Viburnum phlebotrichum,6,7707728,220,946,4924416,2888580,3856903,FALSE,Magnoliopsida,Viburnum phlebotrichum,NA
3856990,Viburnum parvifolium Hayata,Viburnum parvifolium,SPECIES,ACCEPTED,97,EXACT,Plantae,Tracheophyta,Dipsacales,Viburnaceae,Viburnum,Viburnum parvifolium,6,7707728,220,946,4924416,2888580,3856990,FALSE,Magnoliopsida,Viburnum parvifolium,NA
8000400,Viburnum parvifolium W.W.Sm.,Viburnum parvifolium,SPECIES,SYNONYM,97,EXACT,Plantae,Tracheophyta,Dipsacales,Viburnaceae,Viburnum,Viburnum luzonicum,6,7707728,220,946,4924416,2888580,7272546,TRUE,Magnoliopsida,Viburnum parvifolium,7272546
7272477,Viburnum mullaha Buch.-Ham. ex D.Don,Viburnum mullaha,SPECIES,ACCEPTED,97,EXACT,Plantae,Tracheophyta,Dipsacales,Viburnaceae,Viburnum,Viburnum mullaha,6,7707728,220,946,4924416,2888580,7272477,FALSE,Magnoliopsida,Viburnum mullaha,NA
8492667,Viburnum mullaha Buch.-Ham.,Viburnum mullaha,SPECIES,SYNONYM,97,EXACT,Plantae,Tracheophyta,Dipsacales,Viburnaceae,Viburnum,Viburnum mullaha,6,7707728,220,946,4924416,2888580,7272477,TRUE,Magnoliopsida,Viburnum mullaha,7272477
3855872,Viburnum melanocarpum P.S.Hsu,Viburnum melanocarpum,SPECIES,ACCEPTED,99,EXACT,Plantae,Tracheophyta,Dipsacales,Viburnaceae,Viburnum,Viburnum melanocarpum,6,7707728,220,946,4924416,2888580,3855872,FALSE,Magnoliopsida,Viburnum melanocarpum,NA
7272546,Viburnum luzonicum Rolfe,Viburnum luzonicum,SPECIES,ACCEPTED,99,EXACT,Plantae,Tracheophyta,Dipsacales,Viburnaceae,Viburnum,Viburnum luzonicum,6,7707728,220,946,4924416,2888580,7272546,FALSE,Magnoliopsida,Viburnum luzonicum,NA
3856204,Viburnum lobophyllum Graebn.,Viburnum lobophyllum,SPECIES,SYNONYM,98,EXACT,Plantae,Tracheophyta,Dipsacales,Viburnaceae,Viburnum,Viburnum betulifolium,6,7707728,220,946,4924416,2888580,7272452,TRUE,Magnoliopsida,Viburnum lobophyllum,7272452
3856568,Viburnum lancifolium P.S.Hsu,Viburnum lancifolium,SPECIES,ACCEPTED,99,EXACT,Plantae,Tracheophyta,Dipsacales,Viburnaceae,Viburnum,Viburnum lancifolium,6,7707728,220,946,4924416,2888580,3856568,FALSE,Magnoliopsida,Viburnum lancifolium,NA
3856771,Viburnum japonicum (Thunb.) Spreng.,Viburnum japonicum,SPECIES,ACCEPTED,99,EXACT,Plantae,Tracheophyta,Dipsacales,Viburnaceae,Viburnum,Viburnum japonicum,6,7707728,220,946,4924416,2888580,3856771,FALSE,Magnoliopsida,Viburnum japonicum,NA
9057172,"Viburnum integrifolium Newberry, 1894",Viburnum integrifolium,SPECIES,ACCEPTED,97,EXACT,Plantae,Tracheophyta,Dipsacales,Viburnaceae,Viburnum,Viburnum integrifolium,6,7707728,220,946,4924416,2888580,9057172,FALSE,Magnoliopsida,Viburnum integrifolium,NA
3856870,Viburnum integrifolium Hayata,Viburnum integrifolium,SPECIES,SYNONYM,97,EXACT,Plantae,Tracheophyta,Dipsacales,Viburnaceae,Viburnum,Viburnum hayatae,6,7707728,220,946,4924416,2888580,7819842,TRUE,Magnoliopsida,Viburnum integrifolium,7819842
7272671,Viburnum ichangense Rehder,Viburnum ichangense,SPECIES,SYNONYM,98,EXACT,Plantae,Tracheophyta,Dipsacales,Viburnaceae,Viburnum,Viburnum erosum,6,7707728,220,946,4924416,2888580,7490831,TRUE,Magnoliopsida,Viburnum ichangense,7508568
3856989,Viburnum hupehense Rehder,Viburnum hupehense,SPECIES,SYNONYM,98,EXACT,Plantae,Tracheophyta,Dipsacales,Viburnaceae,Viburnum,Viburnum betulifolium,6,7707728,220,946,4924416,2888580,7272452,TRUE,Magnoliopsida,Viburnum hupehense,7272452
7272461,Viburnum formosanum Hayata,Viburnum formosanum,SPECIES,ACCEPTED,99,EXACT,Plantae,Tracheophyta,Dipsacales,Viburnaceae,Viburnum,Viburnum formosanum,6,7707728,220,946,4924416,2888580,7272461,FALSE,Magnoliopsida,Viburnum formosanum,NA
3855499,Viburnum fordiae Hance,Viburnum fordiae,SPECIES,ACCEPTED,99,EXACT,Plantae,Tracheophyta,Dipsacales,Viburnaceae,Viburnum,Viburnum fordiae,6,7707728,220,946,4924416,2888580,3855499,FALSE,Magnoliopsida,Viburnum fordiae,NA
3855535,Viburnum foetidum Wall.,Viburnum foetidum,SPECIES,ACCEPTED,99,EXACT,Plantae,Tracheophyta,Dipsacales,Viburnaceae,Viburnum,Viburnum foetidum,6,7707728,220,946,4924416,2888580,3855535,FALSE,Magnoliopsida,Viburnum foetidum,NA
3855586,Viburnum flavescens W.W.Sm.,Viburnum flavescens,SPECIES,SYNONYM,98,EXACT,Plantae,Tracheophyta,Dipsacales,Viburnaceae,Viburnum,Viburnum betulifolium,6,7707728,220,946,4924416,2888580,7272452,TRUE,Magnoliopsida,Viburnum flavescens,7272452
7490831,Viburnum erosum Thunb.,Viburnum erosum,SPECIES,ACCEPTED,97,EXACT,Plantae,Tracheophyta,Dipsacales,Viburnaceae,Viburnum,Viburnum erosum,6,7707728,220,946,4924416,2888580,7490831,FALSE,Magnoliopsida,Viburnum erosum,NA
7272501,Viburnum erosum A.Gray,Viburnum erosum,SPECIES,SYNONYM,97,EXACT,Plantae,Tracheophyta,Dipsacales,Viburnaceae,Viburnum,Viburnum dilatatum,6,7707728,220,946,4924416,2888580,2888584,TRUE,Magnoliopsida,Viburnum erosum,2888584
2888584,Viburnum dilatatum Thunb.,Viburnum dilatatum,SPECIES,ACCEPTED,99,EXACT,Plantae,Tracheophyta,Dipsacales,Viburnaceae,Viburnum,Viburnum dilatatum,6,7707728,220,946,4924416,2888580,2888584,FALSE,Magnoliopsida,Viburnum dilatatum,NA
3856747,Viburnum corylifolium Hook.fil. & Thomson,Viburnum corylifolium,SPECIES,ACCEPTED,99,EXACT,Plantae,Tracheophyta,Dipsacales,Viburnaceae,Viburnum,Viburnum corylifolium,6,7707728,220,946,4924416,2888580,3856747,FALSE,Magnoliopsida,Viburnum corylifolium,NA
3857431,Viburnum brevipes Rehder,Viburnum brevipes,SPECIES,SYNONYM,98,EXACT,Plantae,Tracheophyta,Dipsacales,Viburnaceae,Viburnum,Viburnum dilatatum,6,7707728,220,946,4924416,2888580,2888584,TRUE,Magnoliopsida,Viburnum brevipes,2888584
3857470,Viburnum brachyandrum Nakai,Viburnum brachyandrum,SPECIES,ACCEPTED,99,EXACT,Plantae,Tracheophyta,Dipsacales,Viburnaceae,Viburnum,Viburnum brachyandrum,6,7707728,220,946,4924416,2888580,3857470,FALSE,Magnoliopsida,Viburnum brachyandrum,NA
7272452,Viburnum betulifolium Batalin,Viburnum betulifolium,SPECIES,ACCEPTED,99,EXACT,Plantae,Tracheophyta,Dipsacales,Viburnaceae,Viburnum,Viburnum betulifolium,6,7707728,220,946,4924416,2888580,7272452,FALSE,Magnoliopsida,Viburnum betulifolium,NA
3855977,Viburnum adenophorum W.W.Sm.,Viburnum adenophorum,SPECIES,SYNONYM,98,EXACT,Plantae,Tracheophyta,Dipsacales,Viburnaceae,Viburnum,Viburnum betulifolium,6,7707728,220,946,4924416,2888580,7272452,TRUE,Magnoliopsida,Viburnum adenophorum,7272452
3857176,Viburnum hebanthum Thwaites,Viburnum hebanthum,SPECIES,ACCEPTED,97,EXACT,Plantae,Tracheophyta,Dipsacales,Viburnaceae,Viburnum,Viburnum hebanthum,6,7707728,220,946,4924416,2888580,3857176,FALSE,Magnoliopsida,Viburnum hebanthum,NA
7577433,Viburnum hebanthum Wight & Arn.,Viburnum hebanthum,SPECIES,SYNONYM,97,EXACT,Plantae,Tracheophyta,Dipsacales,Viburnaceae,Viburnum,Viburnum cylindricum,6,7707728,220,946,4924416,2888580,3856469,TRUE,Magnoliopsida,Viburnum hebanthum,3856469
3856469,Viburnum cylindricum Buch.-Ham. ex D.Don,Viburnum cylindricum,SPECIES,ACCEPTED,97,EXACT,Plantae,Tracheophyta,Dipsacales,Viburnaceae,Viburnum,Viburnum cylindricum,6,7707728,220,946,4924416,2888580,3856469,FALSE,Magnoliopsida,Viburnum cylindricum,NA
8680766,Viburnum cylindricum Buch.-Ham.,Viburnum cylindricum,SPECIES,SYNONYM,97,EXACT,Plantae,Tracheophyta,Dipsacales,Viburnaceae,Viburnum,Viburnum cylindricum,6,7707728,220,946,4924416,2888580,3856469,TRUE,Magnoliopsida,Viburnum cylindricum,3856469
3856816,Viburnum coriaceum Blume,Viburnum coriaceum,SPECIES,SYNONYM,98,EXACT,Plantae,Tracheophyta,Dipsacales,Viburnaceae,Viburnum,Viburnum cylindricum,6,7707728,220,946,4924416,2888580,3856469,TRUE,Magnoliopsida,Viburnum coriaceum,3856469
3855439,Viburnum beccarii Gamble,Viburnum beccarii,SPECIES,ACCEPTED,99,EXACT,Plantae,Tracheophyta,Dipsacales,Viburnaceae,Viburnum,Viburnum beccarii,6,7707728,220,946,4924416,2888580,3855439,FALSE,Magnoliopsida,Viburnum beccarii,NA
3856920,Viburnum vernicosum Gibbs,Viburnum vernicosum,SPECIES,ACCEPTED,99,EXACT,Plantae,Tracheophyta,Dipsacales,Viburnaceae,Viburnum,Viburnum vernicosum,6,7707728,220,946,4924416,2888580,3856920,FALSE,Magnoliopsida,Viburnum vernicosum,NA
3857514,Viburnum ternatum Rehder,Viburnum ternatum,SPECIES,ACCEPTED,99,EXACT,Plantae,Tracheophyta,Dipsacales,Viburnaceae,Viburnum,Viburnum ternatum,6,7707728,220,946,4924416,2888580,3857514,FALSE,Magnoliopsida,Viburnum ternatum,NA
3856151,Viburnum sambucinum Reinw. ex Blume,Viburnum sambucinum,SPECIES,ACCEPTED,97,EXACT,Plantae,Tracheophyta,Dipsacales,Viburnaceae,Viburnum,Viburnum sambucinum,6,7707728,220,946,4924416,2888580,3856151,FALSE,Magnoliopsida,Viburnum sambucinum,NA
8671442,Viburnum sambucinum Reinw.,Viburnum sambucinum,SPECIES,SYNONYM,97,EXACT,Plantae,Tracheophyta,Dipsacales,Viburnaceae,Viburnum,Viburnum sambucinum,6,7707728,220,946,4924416,2888580,3856151,TRUE,Magnoliopsida,Viburnum sambucinum,3856151
3856375,Viburnum leiocarpum P.S.Hsu,Viburnum leiocarpum,SPECIES,ACCEPTED,99,EXACT,Plantae,Tracheophyta,Dipsacales,Viburnaceae,Viburnum,Viburnum leiocarpum,6,7707728,220,946,4924416,2888580,3856375,FALSE,Magnoliopsida,Viburnum leiocarpum,NA
3856890,Viburnum inopinatum Craib,Viburnum inopinatum,SPECIES,ACCEPTED,99,EXACT,Plantae,Tracheophyta,Dipsacales,Viburnaceae,Viburnum,Viburnum inopinatum,6,7707728,220,946,4924416,2888580,3856890,FALSE,Magnoliopsida,Viburnum inopinatum,NA
3857041,Viburnum hispidulum Kern,Viburnum hispidulum,SPECIES,ACCEPTED,99,EXACT,Plantae,Tracheophyta,Dipsacales,Viburnaceae,Viburnum,Viburnum hispidulum,6,7707728,220,946,4924416,2888580,3857041,FALSE,Magnoliopsida,Viburnum hispidulum,NA
3857461,Viburnum glaberrimum Merr.,Viburnum glaberrimum,SPECIES,ACCEPTED,99,EXACT,Plantae,Tracheophyta,Dipsacales,Viburnaceae,Viburnum,Viburnum glaberrimum,6,7707728,220,946,4924416,2888580,3857461,FALSE,Magnoliopsida,Viburnum glaberrimum,NA
3857243,Viburnum treleasei Gand.,Viburnum treleasei,SPECIES,ACCEPTED,99,EXACT,Plantae,Tracheophyta,Dipsacales,Viburnaceae,Viburnum,Viburnum treleasei,6,7707728,220,946,4924416,2888580,3857243,FALSE,Magnoliopsida,Viburnum treleasei,NA
2888585,Viburnum tinus L.,Viburnum tinus,SPECIES,ACCEPTED,99,EXACT,Plantae,Tracheophyta,Dipsacales,Viburnaceae,Viburnum,Viburnum tinus,6,7707728,220,946,4924416,2888580,2888585,FALSE,Magnoliopsida,Viburnum tinus,NA
3856160,Viburnum rugosum Pers.,Viburnum rugosum,SPECIES,SYNONYM,98,EXACT,Plantae,Tracheophyta,Dipsacales,Viburnaceae,Viburnum,Viburnum tinus,6,7707728,220,946,4924416,2888580,2888585,TRUE,Magnoliopsida,Viburnum rugosum,2888585
4930155,Viburnum davidii Franch.,Viburnum davidii,SPECIES,ACCEPTED,99,EXACT,Plantae,Tracheophyta,Dipsacales,Viburnaceae,Viburnum,Viburnum davidii,6,7707728,220,946,4924416,2888580,4930155,FALSE,Magnoliopsida,Viburnum davidii,NA
3856900,Viburnum cinnamomifolium Rehder,Viburnum cinnamomifolium,SPECIES,ACCEPTED,99,EXACT,Plantae,Tracheophyta,Dipsacales,Viburnaceae,Viburnum,Viburnum cinnamomifolium,6,7707728,220,946,4924416,2888580,3856900,FALSE,Magnoliopsida,Viburnum cinnamomifolium,NA
3857286,Viburnum calvum Rehder,Viburnum calvum,SPECIES,SYNONYM,98,EXACT,Plantae,Tracheophyta,Dipsacales,Viburnaceae,Viburnum,Viburnum atrocyaneum,6,7707728,220,946,4924416,2888580,7272467,TRUE,Magnoliopsida,Viburnum calvum,7272467
7272467,Viburnum atrocyaneum C.B.Clarke,Viburnum atrocyaneum,SPECIES,ACCEPTED,99,EXACT,Plantae,Tracheophyta,Dipsacales,Viburnaceae,Viburnum,Viburnum atrocyaneum,6,7707728,220,946,4924416,2888580,7272467,FALSE,Magnoliopsida,Viburnum atrocyaneum,NA
2888622,Viburnum plicatum Thunb.,Viburnum plicatum,SPECIES,ACCEPTED,97,EXACT,Plantae,Tracheophyta,Dipsacales,Viburnaceae,Viburnum,Viburnum plicatum,6,7707728,220,946,4924416,2888580,2888622,FALSE,Magnoliopsida,Viburnum plicatum,NA
8069219,Viburnum plicatum A.Gray,Viburnum plicatum,SPECIES,SYNONYM,97,EXACT,Plantae,Tracheophyta,Dipsacales,Viburnaceae,Viburnum,Viburnum furcatum,6,7707728,220,946,4924416,2888580,7272764,TRUE,Magnoliopsida,Viburnum plicatum,7272764
3856522,Viburnum pyramidatum Rehder,Viburnum pyramidatum,SPECIES,ACCEPTED,99,EXACT,Plantae,Tracheophyta,Dipsacales,Viburnaceae,Viburnum,Viburnum pyramidatum,6,7707728,220,946,4924416,2888580,3856522,FALSE,Magnoliopsida,Viburnum pyramidatum,NA
7724310,Viburnum lutescens Blume,Viburnum lutescens,SPECIES,ACCEPTED,97,EXACT,Plantae,Tracheophyta,Dipsacales,Viburnaceae,Viburnum,Viburnum lutescens,6,7707728,220,946,4924416,2888580,7724310,FALSE,Magnoliopsida,Viburnum lutescens,NA
3856097,Viburnum lutescens Hook.fil. & Thomson,Viburnum lutescens,SPECIES,SYNONYM,97,EXACT,Plantae,Tracheophyta,Dipsacales,Viburnaceae,Viburnum,Viburnum colebrookianum,6,7707728,220,946,4924416,2888580,8199271,TRUE,Magnoliopsida,Viburnum lutescens,8199271
3857226,Viburnum hanceanum Maxim.,Viburnum hanceanum,SPECIES,ACCEPTED,99,EXACT,Plantae,Tracheophyta,Dipsacales,Viburnaceae,Viburnum,Viburnum hanceanum,6,7707728,220,946,4924416,2888580,3857226,FALSE,Magnoliopsida,Viburnum hanceanum,NA
7850478,Viburnum colebrookeanum Wall. ex DC.,Viburnum colebrookeanum,SPECIES,ACCEPTED,98,EXACT,Plantae,Tracheophyta,Dipsacales,Viburnaceae,Viburnum,Viburnum colebrookeanum,6,7707728,220,946,4924416,2888580,7850478,FALSE,Magnoliopsida,Viburnum colebrookeanum,NA
3856879,"Viburnum colebrookeanum Wall., 1829",Viburnum colebrookeanum,SPECIES,DOUBTFUL,96,EXACT,Plantae,Tracheophyta,Dipsacales,Viburnaceae,Viburnum,Viburnum colebrookeanum,6,7707728,220,946,4924416,2888580,3856879,FALSE,Magnoliopsida,Viburnum colebrookeanum,NA
3855776,Viburnum amplifolium Rehder,Viburnum amplifolium,SPECIES,ACCEPTED,99,EXACT,Plantae,Tracheophyta,Dipsacales,Viburnaceae,Viburnum,Viburnum amplifolium,6,7707728,220,946,4924416,2888580,3855776,FALSE,Magnoliopsida,Viburnum amplifolium,NA
3856664,Viburnum yunnanense Rehder,Viburnum yunnanense,SPECIES,ACCEPTED,99,EXACT,Plantae,Tracheophyta,Dipsacales,Viburnaceae,Viburnum,Viburnum yunnanense,6,7707728,220,946,4924416,2888580,3856664,FALSE,Magnoliopsida,Viburnum yunnanense,NA
3855395,Viburnum taitoense Hayata,Viburnum taitoense,SPECIES,ACCEPTED,99,EXACT,Plantae,Tracheophyta,Dipsacales,Viburnaceae,Viburnum,Viburnum taitoense,6,7707728,220,946,4924416,2888580,3855395,FALSE,Magnoliopsida,Viburnum taitoense,NA
2888582,Viburnum suspensum Lindl.,Viburnum suspensum,SPECIES,ACCEPTED,98,EXACT,Plantae,Tracheophyta,Dipsacales,Viburnaceae,Viburnum,Viburnum suspensum,6,7707728,220,946,4924416,2888580,2888582,FALSE,Magnoliopsida,Viburnum suspensum,NA
7611225,Viburnum suspensum Dippel,Viburnum suspensum,SPECIES,DOUBTFUL,96,EXACT,Plantae,Tracheophyta,Dipsacales,Viburnaceae,Viburnum,Viburnum suspensum,6,7707728,220,946,4924416,2888580,7611225,FALSE,Magnoliopsida,Viburnum suspensum,NA
7272479,Viburnum subalpinum Hand.-Mazz.,Viburnum subalpinum,SPECIES,ACCEPTED,99,EXACT,Plantae,Tracheophyta,Dipsacales,Viburnaceae,Viburnum,Viburnum subalpinum,6,7707728,220,946,4924416,2888580,7272479,FALSE,Magnoliopsida,Viburnum subalpinum,NA
2888597,Viburnum sieboldii Miq.,Viburnum sieboldii,SPECIES,ACCEPTED,99,EXACT,Plantae,Tracheophyta,Dipsacales,Viburnaceae,Viburnum,Viburnum sieboldii,6,7707728,220,946,4924416,2888580,2888597,FALSE,Magnoliopsida,Viburnum sieboldii,NA
3857421,Viburnum oliganthum Batalin,Viburnum oliganthum,SPECIES,ACCEPTED,99,EXACT,Plantae,Tracheophyta,Dipsacales,Viburnaceae,Viburnum,Viburnum oliganthum,6,7707728,220,946,4924416,2888580,3857421,FALSE,Magnoliopsida,Viburnum oliganthum,NA
2888626,Viburnum odoratissimum Ker Gawl.,Viburnum odoratissimum,SPECIES,ACCEPTED,98,EXACT,Plantae,Tracheophyta,Dipsacales,Viburnaceae,Viburnum,Viburnum odoratissimum,6,7707728,220,946,4924416,2888580,2888626,FALSE,Magnoliopsida,Viburnum odoratissimum,NA
9450324,Viburnum odoratissimum KerGawl.,Viburnum odoratissimum,SPECIES,DOUBTFUL,96,EXACT,Plantae,Tracheophyta,Dipsacales,Viburnaceae,Viburnum,Viburnum odoratissimum,6,7707728,220,946,4924416,2888580,9450324,FALSE,Magnoliopsida,Viburnum odoratissimum,NA
3857151,Viburnum henryi Hemsl.,Viburnum henryi,SPECIES,ACCEPTED,99,EXACT,Plantae,Tracheophyta,Dipsacales,Viburnaceae,Viburnum,Viburnum henryi,6,7707728,220,946,4924416,2888580,3857151,FALSE,Magnoliopsida,Viburnum henryi,NA
7865495,Viburnum grandiflorum Wall.,Viburnum grandiflorum,SPECIES,ACCEPTED,98,EXACT,Plantae,Tracheophyta,Dipsacales,Viburnaceae,Viburnum,Viburnum grandiflorum,6,7707728,220,946,4924416,2888580,7865495,FALSE,Magnoliopsida,Viburnum grandiflorum,NA
7272728,Viburnum grandiflorum Wall. ex DC.,Viburnum grandiflorum,SPECIES,DOUBTFUL,96,EXACT,Plantae,Tracheophyta,Dipsacales,Viburnaceae,Viburnum,Viburnum grandiflorum,6,7707728,220,946,4924416,2888580,7272728,FALSE,Magnoliopsida,Viburnum grandiflorum,NA
3855544,Viburnum foetens Decne.,Viburnum foetens,SPECIES,ACCEPTED,99,EXACT,Plantae,Tracheophyta,Dipsacales,Viburnaceae,Viburnum,Viburnum foetens,6,7707728,220,946,4924416,2888580,3855544,FALSE,Magnoliopsida,Viburnum foetens,NA
6369599,Viburnum farreri Stearn,Viburnum farreri,SPECIES,ACCEPTED,99,EXACT,Plantae,Tracheophyta,Dipsacales,Viburnaceae,Viburnum,Viburnum farreri,6,7707728,220,946,4924416,2888580,6369599,FALSE,Magnoliopsida,Viburnum farreri,NA
7272498,Viburnum erubescens Wall.,Viburnum erubescens,SPECIES,ACCEPTED,97,EXACT,Plantae,Tracheophyta,Dipsacales,Viburnaceae,Viburnum,Viburnum erubescens,6,7707728,220,946,4924416,2888580,7272498,FALSE,Magnoliopsida,Viburnum erubescens,NA
8314393,Viburnum erubescens Wall. ex DC.,Viburnum erubescens,SPECIES,SYNONYM,97,EXACT,Plantae,Tracheophyta,Dipsacales,Viburnaceae,Viburnum,Viburnum erubescens,6,7707728,220,946,4924416,2888580,7272498,TRUE,Magnoliopsida,Viburnum erubescens,7272498
7272669,Viburnum chingii P.S.Hsu,Viburnum chingii,SPECIES,ACCEPTED,99,EXACT,Plantae,Tracheophyta,Dipsacales,Viburnaceae,Viburnum,Viburnum chingii,6,7707728,220,946,4924416,2888580,7272669,FALSE,Magnoliopsida,Viburnum chingii,NA
3857417,Viburnum brevitubum (P.S.Hsu) P.S.Hsu,Viburnum brevitubum,SPECIES,ACCEPTED,99,EXACT,Plantae,Tracheophyta,Dipsacales,Viburnaceae,Viburnum,Viburnum brevitubum,6,7707728,220,946,4924416,2888580,3857417,FALSE,Magnoliopsida,Viburnum brevitubum,NA
3857460,Viburnum brachybotryum Hemsl. ex Forbes & Hemsl.,Viburnum brachybotryum,SPECIES,ACCEPTED,99,EXACT,Plantae,Tracheophyta,Dipsacales,Viburnaceae,Viburnum,Viburnum brachybotryum,6,7707728,220,946,4924416,2888580,3857460,FALSE,Magnoliopsida,Viburnum brachybotryum,NA
3855498,Viburnum awabuki Hort.Berol. ex K.Koch,Viburnum awabuki,SPECIES,SYNONYM,97,EXACT,Plantae,Tracheophyta,Dipsacales,Viburnaceae,Viburnum,Viburnum odoratissimum,6,7707728,220,946,4924416,2888580,2888626,TRUE,Magnoliopsida,Viburnum awabuki,4930156
8597360,Viburnum awabuki Hort.Berol.,Viburnum awabuki,SPECIES,SYNONYM,97,EXACT,Plantae,Tracheophyta,Dipsacales,Viburnaceae,Viburnum,Viburnum odoratissimum,6,7707728,220,946,4924416,2888580,2888626,TRUE,Magnoliopsida,Viburnum awabuki,4930156
3855782,Viburnum amplificatum Kern,Viburnum amplificatum,SPECIES,ACCEPTED,99,EXACT,Plantae,Tracheophyta,Dipsacales,Viburnaceae,Viburnum,Viburnum amplificatum,6,7707728,220,946,4924416,2888580,3855782,FALSE,Magnoliopsida,Viburnum amplificatum,NA
7272689,Viburnum urceolatum Siebold & Zucc.,Viburnum urceolatum,SPECIES,ACCEPTED,99,EXACT,Plantae,Tracheophyta,Dipsacales,Viburnaceae,Viburnum,Viburnum urceolatum,6,7707728,220,946,4924416,2888580,7272689,FALSE,Magnoliopsida,Viburnum urceolatum,NA
3855379,Viburnum taiwanianum Hayata,Viburnum taiwanianum,SPECIES,SYNONYM,98,EXACT,Plantae,Tracheophyta,Dipsacales,Viburnaceae,Viburnum,Viburnum urceolatum,6,7707728,220,946,4924416,2888580,7272689,TRUE,Magnoliopsida,Viburnum taiwanianum,7272689
3855442,Viburnum sympodiale Graebn.,Viburnum sympodiale,SPECIES,ACCEPTED,99,EXACT,Plantae,Tracheophyta,Dipsacales,Viburnaceae,Viburnum,Viburnum sympodiale,6,7707728,220,946,4924416,2888580,3855442,FALSE,Magnoliopsida,Viburnum sympodiale,NA
7272463,Viburnum nervosum D.Don,Viburnum nervosum,SPECIES,ACCEPTED,97,EXACT,Plantae,Tracheophyta,Dipsacales,Viburnaceae,Viburnum,Viburnum nervosum,6,7707728,220,946,4924416,2888580,7272463,FALSE,Magnoliopsida,Viburnum nervosum,NA
8273349,Viburnum nervosum Hook. & Arn.,Viburnum nervosum,SPECIES,SYNONYM,97,EXACT,Plantae,Tracheophyta,Dipsacales,Viburnaceae,Viburnum,Viburnum sempervirens,6,7707728,220,946,4924416,2888580,3855952,TRUE,Magnoliopsida,Viburnum nervosum,3855952
2888601,Viburnum lantanoides Michx.,Viburnum lantanoides,SPECIES,ACCEPTED,97,EXACT,Plantae,Tracheophyta,Dipsacales,Viburnaceae,Viburnum,Viburnum lantanoides,6,7707728,220,946,4924416,2888580,2888601,FALSE,Magnoliopsida,Viburnum lantanoides,NA
7376234,Viburnum lantanoides Miq.,Viburnum lantanoides,SPECIES,SYNONYM,97,EXACT,Plantae,Tracheophyta,Dipsacales,Viburnaceae,Viburnum,Viburnum furcatum,6,7707728,220,946,4924416,2888580,7748052,TRUE,Magnoliopsida,Viburnum lantanoides,7748052
7272764,Viburnum furcatum Blume ex Hook.fil. & Thomson,Viburnum furcatum,SPECIES,ACCEPTED,97,EXACT,Plantae,Tracheophyta,Dipsacales,Viburnaceae,Viburnum,Viburnum furcatum,6,7707728,220,946,4924416,2888580,7272764,FALSE,Magnoliopsida,Viburnum furcatum,NA
8548361,Viburnum furcatum Blume,Viburnum furcatum,SPECIES,SYNONYM,97,EXACT,Plantae,Tracheophyta,Dipsacales,Viburnaceae,Viburnum,Viburnum furcatum,6,7707728,220,946,4924416,2888580,7272764,TRUE,Magnoliopsida,Viburnum furcatum,7272764
7748052,Viburnum furcatum Blume ex Maxim.,Viburnum furcatum,SPECIES,DOUBTFUL,96,EXACT,Plantae,Tracheophyta,Dipsacales,Viburnaceae,Viburnum,Viburnum furcatum,6,7707728,220,946,4924416,2888580,7748052,FALSE,Magnoliopsida,Viburnum furcatum,NA
4930163,Viburnum veitchii C.H.Wright,Viburnum veitchii,SPECIES,SYNONYM,98,EXACT,Plantae,Tracheophyta,Dipsacales,Viburnaceae,Viburnum,Viburnum glomeratum,6,7707728,220,946,4924416,2888580,7272736,TRUE,Magnoliopsida,Viburnum veitchii,7272736
7272684,Viburnum utile Hemsl. ex Forbes & Hemsl.,Viburnum utile,SPECIES,ACCEPTED,99,EXACT,Plantae,Tracheophyta,Dipsacales,Viburnaceae,Viburnum,Viburnum utile,6,7707728,220,946,4924416,2888580,7272684,FALSE,Magnoliopsida,Viburnum utile,NA
6369670,Viburnum schensianum Maxim.,Viburnum schensianum,SPECIES,ACCEPTED,99,EXACT,Plantae,Tracheophyta,Dipsacales,Viburnaceae,Viburnum,Viburnum schensianum,6,7707728,220,946,4924416,2888580,6369670,FALSE,Magnoliopsida,Viburnum schensianum,NA
2888625,Viburnum rhytidophyllum Hemsl. ex Forbes & Hemsl.,Viburnum rhytidophyllum,SPECIES,ACCEPTED,98,EXACT,Plantae,Tracheophyta,Dipsacales,Viburnaceae,Viburnum,Viburnum rhytidophyllum,6,7707728,220,946,4924416,2888580,2888625,FALSE,Magnoliopsida,Viburnum rhytidophyllum,NA
7359053,"Viburnum rhytidophyllum Graebn., 1906",Viburnum rhytidophyllum,SPECIES,DOUBTFUL,96,EXACT,Plantae,Tracheophyta,Dipsacales,Viburnaceae,Viburnum,Viburnum rhytidophyllum,6,7707728,220,946,4924416,2888580,7359053,FALSE,Magnoliopsida,Viburnum rhytidophyllum,NA
3855686,Viburnum mongolicum (Pall.) Rehder,Viburnum mongolicum,SPECIES,ACCEPTED,99,EXACT,Plantae,Tracheophyta,Dipsacales,Viburnaceae,Viburnum,Viburnum mongolicum,6,7707728,220,946,4924416,2888580,3855686,FALSE,Magnoliopsida,Viburnum mongolicum,NA
3855990,Viburnum maculatum Pant.,Viburnum maculatum,SPECIES,ACCEPTED,99,EXACT,Plantae,Tracheophyta,Dipsacales,Viburnaceae,Viburnum,Viburnum maculatum,6,7707728,220,946,4924416,2888580,3855990,FALSE,Magnoliopsida,Viburnum maculatum,NA
3856046,Viburnum macrocephalum Fortune,Viburnum macrocephalum,SPECIES,ACCEPTED,99,EXACT,Plantae,Tracheophyta,Dipsacales,Viburnaceae,Viburnum,Viburnum macrocephalum,6,7707728,220,946,4924416,2888580,3856046,FALSE,Magnoliopsida,Viburnum macrocephalum,NA
2888615,Viburnum lantana L.,Viburnum lantana,SPECIES,ACCEPTED,97,EXACT,Plantae,Tracheophyta,Dipsacales,Viburnaceae,Viburnum,Viburnum lantana,6,7707728,220,946,4924416,2888580,2888615,FALSE,Magnoliopsida,Viburnum lantana,NA
8444967,Viburnum lantana Wall.,Viburnum lantana,SPECIES,SYNONYM,97,EXACT,Plantae,Tracheophyta,Dipsacales,Viburnaceae,Viburnum,Viburnum nervosum,6,7707728,220,946,4924416,2888580,7272463,TRUE,Magnoliopsida,Viburnum lantana,7272463
8220034,Viburnum lantana Wall. ex D.Don,Viburnum lantana,SPECIES,SYNONYM,97,EXACT,Plantae,Tracheophyta,Dipsacales,Viburnaceae,Viburnum,Viburnum nervosum,6,7707728,220,946,4924416,2888580,7272463,TRUE,Magnoliopsida,Viburnum lantana,7272463
7272736,Viburnum glomeratum Maxim.,Viburnum glomeratum,SPECIES,ACCEPTED,99,EXACT,Plantae,Tracheophyta,Dipsacales,Viburnaceae,Viburnum,Viburnum glomeratum,6,7707728,220,946,4924416,2888580,7272736,FALSE,Magnoliopsida,Viburnum glomeratum,NA
7272626,Viburnum cotinifolium D.Don,Viburnum cotinifolium,SPECIES,ACCEPTED,99,EXACT,Plantae,Tracheophyta,Dipsacales,Viburnaceae,Viburnum,Viburnum cotinifolium,6,7707728,220,946,4924416,2888580,7272626,FALSE,Magnoliopsida,Viburnum cotinifolium,NA
3856868,Viburnum congestum Rehder,Viburnum congestum,SPECIES,ACCEPTED,99,EXACT,Plantae,Tracheophyta,Dipsacales,Viburnaceae,Viburnum,Viburnum congestum,6,7707728,220,946,4924416,2888580,3856868,FALSE,Magnoliopsida,Viburnum congestum,NA
3856935,Viburnum chinshanense Graebn.,Viburnum chinshanense,SPECIES,ACCEPTED,99,EXACT,Plantae,Tracheophyta,Dipsacales,Viburnaceae,Viburnum,Viburnum chinshanense,6,7707728,220,946,4924416,2888580,3856935,FALSE,Magnoliopsida,Viburnum chinshanense,NA
3857225,Viburnum carlesii Hemsl. ex Forbes & Hemsl.,Viburnum carlesii,SPECIES,ACCEPTED,99,EXACT,Plantae,Tracheophyta,Dipsacales,Viburnaceae,Viburnum,Viburnum carlesii,6,7707728,220,946,4924416,2888580,3857225,FALSE,Magnoliopsida,Viburnum carlesii,NA
3857358,Viburnum burejaeticum Regel & Herder,Viburnum burejaeticum,SPECIES,ACCEPTED,99,EXACT,Plantae,Tracheophyta,Dipsacales,Viburnaceae,Viburnum,Viburnum burejaeticum,6,7707728,220,946,4924416,2888580,3857358,FALSE,Magnoliopsida,Viburnum burejaeticum,NA
2888617,Viburnum buddleifolium C.H.Wright,Viburnum buddleifolium,SPECIES,ACCEPTED,99,EXACT,Plantae,Tracheophyta,Dipsacales,Viburnaceae,Viburnum,Viburnum buddleifolium,6,7707728,220,946,4924416,2888580,2888617,FALSE,Magnoliopsida,Viburnum buddleifolium,NA
3855402,Viburnum bitchiuense Makino,Viburnum bitchiuense,SPECIES,SYNONYM,98,EXACT,Plantae,Tracheophyta,Dipsacales,Viburnaceae,Viburnum,Viburnum carlesii,6,7707728,220,946,4924416,2888580,3857225,TRUE,Magnoliopsida,Viburnum bitchiuense,6709535
7272613,Viburnum punctatum Buch.-Ham. ex D.Don,Viburnum punctatum,SPECIES,ACCEPTED,97,EXACT,Plantae,Tracheophyta,Dipsacales,Viburnaceae,Viburnum,Viburnum punctatum,6,7707728,220,946,4924416,2888580,7272613,FALSE,Magnoliopsida,Viburnum punctatum,NA
8566900,Viburnum punctatum Buch.-Ham.,Viburnum punctatum,SPECIES,SYNONYM,97,EXACT,Plantae,Tracheophyta,Dipsacales,Viburnaceae,Viburnum,Viburnum punctatum,6,7707728,220,946,4924416,2888580,7272613,TRUE,Magnoliopsida,Viburnum punctatum,7272613
8455482,Viburnum punctatum Raf.,Viburnum punctatum,SPECIES,SYNONYM,97,EXACT,Plantae,Tracheophyta,Dipsacales,Viburnaceae,Viburnum,Viburnum nudum,6,7707728,220,946,4924416,2888580,2888627,TRUE,Magnoliopsida,Viburnum punctatum,3855419
7894106,Viburnum punctatum Raf. ex DC.,Viburnum punctatum,SPECIES,SYNONYM,97,EXACT,Plantae,Tracheophyta,Dipsacales,Viburnaceae,Viburnum,Viburnum nudum,6,7707728,220,946,4924416,2888580,2888627,TRUE,Magnoliopsida,Viburnum punctatum,3855419
3856271,Viburnum lepidotulum Merr. & Chun,Viburnum lepidotulum,SPECIES,SYNONYM,98,EXACT,Plantae,Tracheophyta,Dipsacales,Viburnaceae,Viburnum,Viburnum punctatum,6,7707728,220,946,4924416,2888580,7272613,TRUE,Magnoliopsida,Viburnum lepidotulum,3856551
2888590,Viburnum rufidulum Raf.,Viburnum rufidulum,SPECIES,ACCEPTED,99,EXACT,Plantae,Tracheophyta,Dipsacales,Viburnaceae,Viburnum,Viburnum rufidulum,6,7707728,220,946,4924416,2888580,2888590,FALSE,Magnoliopsida,Viburnum rufidulum,NA
2888608,Viburnum prunifolium L.,Viburnum prunifolium,SPECIES,ACCEPTED,99,EXACT,Plantae,Tracheophyta,Dipsacales,Viburnaceae,Viburnum,Viburnum prunifolium,6,7707728,220,946,4924416,2888580,2888608,FALSE,Magnoliopsida,Viburnum prunifolium,NA
2888620,Viburnum obovatum Walter,Viburnum obovatum,SPECIES,ACCEPTED,97,EXACT,Plantae,Tracheophyta,Dipsacales,Viburnaceae,Viburnum,Viburnum obovatum,6,7707728,220,946,4924416,2888580,2888620,FALSE,Magnoliopsida,Viburnum obovatum,NA
8539784,Viburnum obovatum Ruiz & Pav.,Viburnum obovatum,SPECIES,SYNONYM,97,EXACT,Plantae,Tracheophyta,Dipsacales,Viburnaceae,Viburnum,Viburnum tridentatum,6,7707728,220,946,4924416,2888580,3857211,TRUE,Magnoliopsida,Viburnum obovatum,3857211
7640463,Viburnum obovatum Ruiz & Pav. ex Oerst.,Viburnum obovatum,SPECIES,SYNONYM,97,EXACT,Plantae,Tracheophyta,Dipsacales,Viburnaceae,Viburnum,Viburnum tridentatum,6,7707728,220,946,4924416,2888580,3857211,TRUE,Magnoliopsida,Viburnum obovatum,3857211
2888627,Viburnum nudum L.,Viburnum nudum,SPECIES,ACCEPTED,99,EXACT,Plantae,Tracheophyta,Dipsacales,Viburnaceae,Viburnum,Viburnum nudum,6,7707728,220,946,4924416,2888580,2888627,FALSE,Magnoliopsida,Viburnum nudum,NA
2888586,Viburnum lentago L.,Viburnum lentago,SPECIES,ACCEPTED,97,EXACT,Plantae,Tracheophyta,Dipsacales,Viburnaceae,Viburnum,Viburnum lentago,6,7707728,220,946,4924416,2888580,2888586,FALSE,Magnoliopsida,Viburnum lentago,NA
7490300,Viburnum lentago Du Roi,Viburnum lentago,SPECIES,SYNONYM,97,EXACT,Plantae,Tracheophyta,Dipsacales,Viburnaceae,Viburnum,Viburnum prunifolium,6,7707728,220,946,4924416,2888580,2888608,TRUE,Magnoliopsida,Viburnum lentago,2888608
8225948,Viburnum lentago DuRoi,Viburnum lentago,SPECIES,SYNONYM,97,EXACT,Plantae,Tracheophyta,Dipsacales,Viburnaceae,Viburnum,Viburnum prunifolium,6,7707728,220,946,4924416,2888580,2888608,TRUE,Magnoliopsida,Viburnum lentago,2888608
3855848,Viburnum elatum Benth.,Viburnum elatum,SPECIES,ACCEPTED,99,EXACT,Plantae,Tracheophyta,Dipsacales,Viburnaceae,Viburnum,Viburnum elatum,6,7707728,220,946,4924416,2888580,3855848,FALSE,Magnoliopsida,Viburnum elatum,NA
6369862,Viburnum cassinoides L.,Viburnum cassinoides,SPECIES,SYNONYM,97,EXACT,Plantae,Tracheophyta,Dipsacales,Viburnaceae,Viburnum,Viburnum nudum,6,7707728,220,946,4924416,2888580,2888627,TRUE,Magnoliopsida,Viburnum cassinoides,3855419
7348767,Viburnum cassinoides Willd.,Viburnum cassinoides,SPECIES,SYNONYM,97,EXACT,Plantae,Tracheophyta,Dipsacales,Viburnaceae,Viburnum,Viburnum obovatum,6,7707728,220,946,4924416,2888580,2888620,TRUE,Magnoliopsida,Viburnum cassinoides,2888620
10847425,Viburnum clemensiae J.Kern,Viburnum clemensiae,SPECIES,ACCEPTED,99,EXACT,Plantae,Tracheophyta,Dipsacales,Viburnaceae,Viburnum,Viburnum clemensiae,6,7707728,220,946,4924416,2888580,10847425,FALSE,Magnoliopsida,Viburnum clemensiae,NA
4925723,Viburnum rafinesqueanum Schult.,Viburnum rafinesqueanum,SPECIES,ACCEPTED,93,FUZZY,Plantae,Tracheophyta,Dipsacales,Viburnaceae,Viburnum,Viburnum rafinesqueanum,6,7707728,220,946,4924416,2888580,4925723,FALSE,Magnoliopsida,Viburnum rafinesquianum,NA
7272626,Viburnum cotinifolium D.Don,Viburnum cotinifolium,SPECIES,ACCEPTED,91,FUZZY,Plantae,Tracheophyta,Dipsacales,Viburnaceae,Viburnum,Viburnum cotinifolium,6,7707728,220,946,4924416,2888580,7272626,FALSE,Magnoliopsida,Viburnum cotinifolium,NA
9077657,"Viburnum betulaefolium Ward, 1885",Viburnum betulaefolium,SPECIES,ACCEPTED,91,FUZZY,Plantae,Tracheophyta,Dipsacales,Viburnaceae,Viburnum,Viburnum betulaefolium,6,7707728,220,946,4924416,2888580,9077657,FALSE,Magnoliopsida,Viburnum betulifolium,NA
3855712,Viburnum annamensis Fukuoka,Viburnum annamensis,SPECIES,ACCEPTED,96,FUZZY,Plantae,Tracheophyta,Dipsacales,Viburnaceae,Viburnum,Viburnum annamensis,6,7707728,220,946,4924416,2888580,3855712,FALSE,Magnoliopsida,Viburnum anamensis,NA
8199271,Viburnum colebrookianum Wall.,Viburnum colebrookianum,SPECIES,ACCEPTED,93,FUZZY,Plantae,Tracheophyta,Dipsacales,Viburnaceae,Viburnum,Viburnum colebrookianum,6,7707728,220,946,4924416,2888580,8199271,FALSE,Magnoliopsida,Viburnum colebrookeanum,NA
8475242,Viburnum awafuki hort.,Viburnum awafuki,SPECIES,SYNONYM,92,FUZZY,Plantae,Tracheophyta,Dipsacales,Viburnaceae,Viburnum,Viburnum odoratissimum,6,7707728,220,946,4924416,2888580,2888626,TRUE,Magnoliopsida,Viburnum awabuki,4930156
3855484,Viburnum awafuki hort. ex Dippel,Viburnum awafuki,SPECIES,SYNONYM,92,FUZZY,Plantae,Tracheophyta,Dipsacales,Viburnaceae,Viburnum,Viburnum odoratissimum,6,7707728,220,946,4924416,2888580,2888626,TRUE,Magnoliopsida,Viburnum awabuki,4930156
3856747,Viburnum corylifolium Hook.fil. & Thomson,Viburnum corylifolium,SPECIES,ACCEPTED,91,FUZZY,Plantae,Tracheophyta,Dipsacales,Viburnaceae,Viburnum,Viburnum corylifolium,6,7707728,220,946,4924416,2888580,3856747,FALSE,Magnoliopsida,Viburnum corylifolium,NA
8329980,Viburnum burjaeticum Regel & Herder,Viburnum burjaeticum,SPECIES,ACCEPTED,93,FUZZY,Plantae,Tracheophyta,Dipsacales,Viburnaceae,Viburnum,Viburnum burjaeticum,6,7707728,220,946,4924416,2888580,8329980,FALSE,Magnoliopsida,Viburnum burejaeticum,NA
3856889,Viburnum clemensae Kern,Viburnum clemensae,SPECIES,ACCEPTED,93,FUZZY,Plantae,Tracheophyta,Dipsacales,Viburnaceae,Viburnum,Viburnum clemensae,6,7707728,220,946,4924416,2888580,3856889,FALSE,Magnoliopsida,Viburnum clemensiae,NA
